"idName","BD","SI","DS","PCn","CD","VC","LN","MR","CO","SS"
"zicfvgaj","8"," 8","13 ","13","7","10"," 9","15","13","14"
"smfnujlp","12","8","10","8 ","15","10","10","10","10","19"
"tvkfeczi","11","6","4","8 ","12","4","6","6","7","9"
"obguplxw","11","11","10","10","8","14"," 9","8","12","11"
"zvbwamnj","9","7","8 ","6","8 ","9","5","7","6","11"
"bvqztlcf"," 15","16","10","10"," 12","9","12"," 14","9","13 "
"ameykgtr"," 12 ","9","11","7","12","7","11 ","7","9 ","12"
"omtgcxbf","7",",6"," 12","10","6","5 ","10","6","7","10 "
"thmwnulc","10","16"," 14","15","13","14","9","8","13","10"
"amfpujkn","17","12","12","14"," 12","10","15","13","14","13"
"poiatlvc"," 9 ","10","12","11","11","12","14","9","11"," 11"
"lxjwczko","13","8","10","11","18 "," 9","15","13 ","13 ","14"
"swpzlbme","12"," 6 ","9","10","11"," 4","11","-","10"," 12"
"bpnotwmx","5","10","10","7"," 7 ","6","11","7","6","11"
"zdiwjflu"," 8","8","8","10","10","9","12","9","10 ","13"
"ycbvihzn"," 5","11","12","11","11","8","8","12","9","6"
"pxyalqgc","13"," 14","14"," 14","11","14","13","10","11"," 12"
"gchpyuxz","9","9","9"," 8 ","9","11","4 ","/5","14","8"
"zrhfxnvt","10","8","8","5","12","13","10"," 10","9","14"
"fwecvzja"," 6","9","8","9","8","5 ","7",",11","8","9"
"tivxpkof","9"," 15","11","13","13","13","19","11","15","15"
"yvqcsrzg","16","14","11","16","17","14","14"," 11","10","19 "
"zivalpwr","10 ","15","13","8 ","9 ","13","13","10","14","12"
"etpkngud","13","14","12 ","8","11 ","10","12","9","8","10"
"xbiyfwoq","8","9","9"," 8","8"," 7","6","11","9","8 "
"edaxscbw","14","12","12","14","6","14 ","10 ","8","14","8"
"remfiowv","8","11 ","14","15","9","9","10","10","13","6"
"epotynvl","11","12","9","12","15","7","7","13","9","17"
"bnkxzvmo"," 9","11"," 13","12","11","6","12","9","12","12"
"fbxmchpz","7","7 ","7","5","8","7 ","11 ","11","8","5"
"yvtwpkdj"," 12","9","13"," 12","10"," 10","11","10","9 "," 12"
"vckgsqmi","12","16","11","15","9"," 12","15","15","12","14"
"jhpmntqd","10","11 ","5","7 ","16","10","8","5","6"," 12 "
"jinvmloe","15","13","9","17","11","12","13","9","10","14"
"lcsrehoi","12 ","9","9"," 7 ","12 ","10"," 9","12","14","13"
"zykbqhic","12"," 12","14","13","9","16","18","15","15","9"
"xhivsydl","11","-","10 ","12","7","11","16","9","13","12"
"ideosbth","8","10","6","6","8","9"," 6","8 "," 11","7"
"nqawpjdl","7","9","6"," 7","9","9","9","3","12"," 10"
"razqjole","10","8 ","9","6"," 7"," 7","8","6 ","5","7"
"smvnicjz","8","9","8"," 9","11","12 ","10","7","13","7"
"lgwphmvn","12 ","12","9","10","11","11","12","14","10","10"
"aqtfymnb","9","11","13 ","","6","14","11","12"," 14","10"
"hoqjxanw","9"," 12","10 ","13","11","12 ","15","8","13","6"
"ujkfqmch"," 9","8 ","8","9","10","8"," 5"," 7","11"," 14"
"afdoleyc"," 9","11","9","12"," 8","10","10","4","9","9 "
"rsmeajhn","10","8 ","10","/7 ","8 ","4 ","10","8","11","8"
"weqvxsua","9","4"," 16"," 8","12","7 ","10","12"," 12","11"
"vrnxubec","8","9"," 8 ","8","11","6"," 10"," 12","5","17"
"mbjxfdyt","11 ","11","15"," 10","12","8 ","14","10","8","12"
"yznlfhmu","11","11","9","13","11","11","14","13","9","10_"
"ajehfurq"," 11"," 9","6","12","7"," 8","3","8","10","10"
"fugebzix","5","5"," 7","7","10 "," 6","4","11","8 ","5"
"lnytiohf","10","10","10","12","7","","","8","13","13"
"wqoasgni","9","12","12","12","12","13","11","10","14"," 16"
"anojstbw","-","7","5","2","5","7","5","5","8"," 7"
"dlahnziv","11","11","16 ","14"," 9","17"," 16","18","15","10"
"epvoixrz","4 ","8","8","10 ","7","9","11","10","7","8 "
"cowiekud","13","13","11","11","11","12","9 "," 15","12","9"
"lbiqwsan"," 5 "," 9","11 ","8","9","7","14 ","8","7 ","5"
"ajrmwvfl","14","14 ","12","13 ","14","","15 ","18","17","10"
"nzkwudtr","9","13"," 9","8","16","11"," 15","13 ","12","12"
"phelgywq","6","10 ","13","9","9","8","8","9"," 10","8"
"dwrqgsnb","10 ","12","17","10","12","13"," 11","7","11"," 6"
"fanktsmh","9","11","14 ","16","9","13","11","11"," 12","12"
"rghmxweu","6 ","9","9","7","13","9"," ","11","10 ","12"
"qmdacylp","14","8","14","12","8","13","18","8","-","8"
"rzjvthcl","/18","16","13","11","15","9","14 "," 10"," 10","15"
"xnaokhuq","8","8"," 10","9","6","13 ","8 ","6"," 11","6"
"yaqkouip","15","9","13","10","10","9","10 ","6","9","8"
"drgitbho"," 11","10","8","14","10","13 ","11","12 ","14","12"
"cqpiogsz","18"," 10 ","11","16","12","11 ","14","15","13","13 "
"ourviygf","5","8","6","6","7"," 8"," 5 ","7","5","7"
"ivhtzjap","11","12","11"," 11","7 ","12","13","9","14","6"
"vneagpfw","9","11","10","11","10","8","15"," 11","9","11"
"xycjztwh","13 ","11","8","15","11","14 ","12","15","8","11"
"cgwhkixb","12","10","14"," 13","9","13","11","10","11","13"
"romnvxul","8","7","4","8","12","8","10"," 7","7","11"
"knzdebsg","11","11","15","8","14","11","9","10","12","15"
"zapxnvju","9","11","11","8","12","10"," 14","11","11","11"
"qupwtdka","13","12","6"," 12 ","12","13","11","12","13","11"
"fvxdnqsh","10"," 12 ","10","8","6","13","9","11","13"," 11"
"wpncdhzg","12","13","12","11","11","15"," 14","14","17 ","11"
"ujyvcexb","9","10","13 ","12","12","12","9","9","13","10"
"valwrxmp","6","9","10","9","15","9","10","5","7 ","11"
"emtwlzyk","6","6","5","11","2","10","10","7","9 ","7"
"gzdyxeob","12","11"," 8","6","8","11","11","12","10","12"
"mvleoxau","7","8","13","10","5"," 3","7","7","6","5"
"jimyuwrl","8","8","10"," 7","15","10","8,","5","10","13"
"zwvtsfej","11","10 ","15","10","7"," 9","7","10","7","10"
"nmbopqzh","10","7","4"," 11","1","10","9","11"," 8","4"
"qwgiylhm","14","12","12","13","11","8","11","14","8","14"
"xiupjkhf","8","6","11","13","10 ","7","11 ","10","8","9"
"diugawpk","5","7 ","9","7","7","7","11","12","9","11"
"trglzqji","11","11","13","10 ","9","10","7","7","8","4"
"hudswcnj","8","12"," 16","12","12","8","8","13","13 ","9"
"mouhcnxv","11","9","6","5"," 7","11","7 ","4","12","7"
"cygkijhn","8"," 5","4 ","6","14","7"," 8 ","7","7","14"
"qkamxipd","10","8","11","9","10","12","7","9","8","9"
"upodtygj"," 10","","4","6","9","9","7","10","10","10"
"yhpmbwgi","8","8","8","7","11","8","15","10","9","7"
"brjvfawe","16 ","7","11","9","12","3","11","10","8"," 13 "
"yptkvsfj","11","12","13","12 ","12","11","9","8","9","10"
"rtpdcuqh"," 9","10","12","14","11","13","14","9","12","13"
"kmzxubai","8","12","11","14","11","7"," 7"," 10","5","7"
"sygluftz","11","9","10","7","8","7","12","5","10"," 4"
"uyscwhja","14","12","9","5","12","10","13"," 12","9","15"
"xdeockru","10","10","9","7","11","9","9","5","9","9"
"ovcgbziu","12","10","14","8_ ","12","14 ","12 ","13","14 ","10"
"zuxmcahy","14","13","8","15","9","12","13","8"," 14","13"
"qznejvgc","8","16","10","5 ","15","10","9","12","8","11 "
"rqzovmiw","10","12","10","7","16","9 ","6","11"," 7"," 16"
"mulobxpr","10","10","9","6","8","10 ","7","10","9","9"
"bmsyglzt","6","9","10 ","9","9","12","2","10","11","9"
"gyehufsn","13","11","6","12","9","10 ","10","15","13","6"
"vczlkibj","7","7","12"," 7"," 5 ","7"," 9","9","10","9"
"ubxsamfk","9","11","10"," 9","8","10","5","10 "," 10","10"
"narvwxhu","7","8","7 ","7","8","10","10","6","12"," 10"
"xmuhvlra","18","14","10","12","16"," 14","12 "," 13","15","13 "
"ubenolai","4","8","12","5","13","5","7","8","10","9"
"knsygcaw","11","11 ","9"," 4","12","9","9","10","11","12 "
"oduztkwi","7","10","8","11","9","9"," 7","13,","11","3"
"znfytksb","12","10","13"," 12","11","12 "," 13","9","13","11"
"boqjcmih","17","15","15","19","17","13 ","14","13"," ","15"
"lwmukzoy","12","12","3","17","8"," 14","13","19 ","14","8"
"zewlpivh","11 ","11","12","14","7","11",",11","12","9","12"
"qdjlwbyc","10 ","13","13","8","13","12","12","13","10"," 14"
"bghniuac","9"," 11 ","14","9","6","8"," 9 ","13 ","8 "," 11"
"jwetfmci","8","11","11","11","9","9"," 11","10","8","10"
"qhvnujow","4","14","9","11","14","12","9","10 ","15","10"
"ryspengw","11","18","9"," 12","8","13","10 ","9","13","12"
"ysjoazvr","11","7","9","11","15","6","11","10 ","4","11"
"zebmashc","9","5","11","14","12","9","11","9","6","13 "
"zesqhpnk","12","9","8","10","12","8","12"," 13","8","10"
"tnedghfy","11","18","9","19","12","19","15","17","18","15"
"ohutrsib"," 8 ","13","10 ","12","9","12 ","6","10","14","9"
"jfwrxknb","11","11","8"," 12","6","10","9","10","11","11"
"jyowhzpa"," 12","9 ","11","6 ","15 ","2","11","8"," 8","13"
"hzsnpovc","13 ","13","15"," 9","14","11","13","11 ","12","9"
"ekowrtdi","7","9","9","9","8","6","14"," 7 ","10","5 "
"mkbhragx","12","9","13","14","11","7",",10","10","9","/ "
"yscxbirv","13"," 10 ","7 ","10","9","7"," 11","10","11 ",",6"
"gsmpnboj","10","11","10","8"," 11","8","11","10 ","6 ","7"
"vslihmgw","11","9 "," 10 ","5","7","7","3","6","9","5 "
"jstlrcfd","14","10","13","13","11"," 11"," 12","11"," 10","14"
"vdkazuhy","10","9","5","7","13","7","5","11","9","11"
"saijzcnm","10","7","14","10","12","13","13","14 ","6","12"
"vlexbauc","14","12","6","11"," 14","10","8","11"," 11 ","9"
"kagwycst","10"," 6","6 ","9","7 ","10","7","10","7"," 5"
"xigfncok"," 5"," 4","7","4","11","5","7","8"," 2","5 "
"vsmdzten","10","8","8","7","11","6","15 ","13","5","8"
"rluwoink"," 5","11","8","9 ","9","11","10","7"," 13","13 "
"vdebtarf"," 8 ","14","5","8","13","13"," 8","9","13"," 13"
"acxreifd","13","10","8","11 ","11","10","11","12","12"," 8"
"wuxobnlj","12","11","6 ","6","13","10","10","11","11","13"
"xhmalegz","14","10","13","8","18","14","8","15","11","13"
"lvwyatzf","10","12","8 ","11","7","11","12","6","8","12"
"mokfvgie"," 3,","9","10","7"," 13 ","4","12","10","2","4"
"elktaqzn","11","10","11"," 7","10 ","10","12","8 ","7","10"
"rgjzxsin","14"," 10","8","14","12","12","7","14","11","7"
"eqlciwjb","6","7","1 ","8","10","8","3","5","9","2"
"ckobwxra"," 6","1 ","9","11","6","4","8","2","5"," 7"
"bdquxnew","6","11","9","10","11","9","12 ","6"," 10","10"
"dpeanosx","15","9","10"," 11","14 ","7","10","10","9 ","11"
"jscanudl","8","11","8","8","7"," 7"," 8","6","8","6"
"voiatryq","14 ","9"," 3","11","11"," 9","16","9","11 ","12"
"bzsctlxo","13"," 8","12","3","12","9 ","6 ","6","5 ","13"
"zlxevtnd","9","6","9"," 9","12","12","7","9","9","9"
"hepbgznd","12"," 8","8","10"," 10","8","7"," 9","7","10"
"mevcbhoj"," 13"," 16","11","17","12","16","8","11 "," 13 ","13"
"qwabtvym","11","13","13","14","13","7","9","11 "," 10","10"
"rqlvwbij","10","6","9"," 8"," 9","11","11","9 "," 9","7"
"pxnkcjgz","12","15"," 12","12","8","14","11","8","16 "," 11"
"mnyrelzd","11 ","10","13","9","12","12","14","11","9","12"
"vhaowirj","11","10","11","10","10","8","5","7","9","13"
"qlcinyzr","10","11","7","11","8 ","13","8","10","10","10"
"kiopzldu","7","14","5","6","7","13","11","6","13","9"
"voqesmnd","10","6 ","11","4","11"," 5","11","5","4","8"
"rqshfwdt","12","13 ","15"," 11","14","10","10 "," 13","12 ","14"
"vokyubfp"," 13","8"," 7 ","11","11 ","14","11","14","/8","15"
"locgbknr","8","13","13"," 9","10","9","8","6","9","8"
"ihqaszdr","7","11","8","8","7","6","5","10","7","7"
"qnxzycgj"," 13","11","8","9"," 17","14 ","12"," 13","14","17"
"nfolyzka","12"," 12","3","10","6","16","8 ","11"," 16","12"
"goknyard","11","7","12","6","14","6","8 ","9"," 8","14"
"yvxstlid"," 13","12","6","10","12","9","10","17"," 8","13 "
"bliznodg","9","11","12"," 5","10","11"," 10","11 ","13","6"
"estlwygb","14","10","13","11"," 9","/9"," 13","/ ","11","8"
"mlfcwjye"," 9","14","9","7","11","15","8","14","12","11"
"vtsnwglr","8","6","5","13","5","8","12","10","9","9"
"ozilubne","10","12 ","7","10","7","7","4"," 9","7","10"
"luxpgmqc","7","5","12,","2","9","7 ","10","6"," 8","8"
"upkneqsi","15","15","14 ","13","7","15 ","15","12","14","9"
"mgnyeodj","4 ","9","10","13","5 ","8","11","5"," 11","7"
"shcwjvku","13","13","13","9","13 ","10","14","10 ","12","10 "
"ayovczsj","7 ","9","12","8","11","10"," 6","9","6","11"
"yialbqsn","11","9","11","10","7","10","9","9 ","7","7"
"xfzraymq","10","7"," 9","8","12 ","11","12","16 ","6","11"
"uaevptmh","2","9 "," 5","4"," 7","9","4","1","9 ","8"
"kslimuvd","10 ","14","15","14","10","14","15","12","11","12 "
"xdjcbuhl","16","8","11","11"," 12","10","10","11"," 13 ","14"
"znoawsie","7","7","8","7","9","6","4","5","13","8"
"qzveofgh","10","8","14 ","11","14","8","11","9","10","12"
"acmtspru","9","10","13","10","12","9","10","11","9","9"
"jzxvswde","12","15","17","12"," 11 ","14 ","11","12","19 ","17"
"fmvnzawo","9","8","11","9 ","7","10","7 ","8","10","9"
"ohlqndyr","6","6","10","6"," 8"," 5","4","7","5","4"
"eqojmgba","14","15","10","12","11","15","10","12 "," 19","13"
"antvzrmx","14","13","13","15","9 ","15"," 14","13 ","12","14"
"thgrmkbp","13","13 ","14","9","11","16","7","16","15","14"
"xahktjsg","13","15","19"," 13","14","15","13","15","13","11"
"zebaripn","15","8","13","12","7","9 ","9","10","8","10"
"salzegvr","10 ","9","9","10","9","13 ","13 ","12","9","10"
"yuwnkisj","6","9","8","10","9","9","8","11","10","13"
"hgxtnqde","4","8","9","9","8","8","4","5 ","8","6"
"ldyohxvz"," 6","5","6","6","4","8"," 9 ","8","10","9"
"jntrzuiv","9","7","9"," 9 "," 10"," 12","11","12","10","13"
"wbxchfyu","16"," 13","10 ","7","16","12","14"," 14"," 16","17"
"qnszahvj","7","8","10","10"," 9","10","12","11 ","9","9"
"rvzgfhkp","13"," 9","11","10"," 11","10","8 ","13 ","12","14"
"jvldngth","6","16","11","17 ","8","12","19","10","10","8"
"naokhzvg","8","9"," 5","13","4","9"," 13","11","5","8"
"qzemsywg","18","14","10"," 14","12"," 15","14","15","11","10"
"blfjikps","9","12","15","13 ","11"," 10"," 11","11","6","7"
"xvpdhocw","12","12","8","10","10 ","12 ","11","8 ","15"," 12"
"qhutynsr"," 11","11","5","14","10","10"," 10","12 ","11","8"
"vzmkpnja","5","2","13","6","14","3","5 ","9","5","8"
"dnkuhbmt","12","9","11","10","8 ","9"," 12 ","10"," 12","14"
"ihmjxpsg","8","11","11","10","7","/","11","10","12","11"
"zmdovcpa","12","15","10","9 ","14","14"," 8","12","12","10"
"nufjqkyi","13","9 ","11","6","14","14","5"," 12","11","11"
"faikxhdb","10","10 ","8","14","13","8"," 14","10","10","10"
"wboixgqh","16","12","12","12",""," 9"," 6"," 12",",10"," 10"
"rsualmhk","13","11","16","16 ","13","15","14","15","14","14"
"vjcpfuyl","14","12","16","11","16","14","13","13","10","14"
"twjveapb","11","13","13","13","11","-","10","11","11","13"
"vrkamseu","7","11 ","15","12","10","10","7","6 "," 9"," 10"
"vypwetsk","5","12","9"," 10"," 9","/9","6"," 9","10","8"
"zfolmqbe","8 ","8 ","13","15","9","13","11","9"," 13","10"
"bcfwgqkh","11","12","12 ","10","10","8,","10","11","8","13"
"nfirqzea","14","8","11"," 9","13","6","8","14","10","10"
"bzcakpwt","14","12","11 ","6","10","11","10","11","13"," 9"
"tjasoxul"," 8","9","16 ","7","12","11","13","8","9"," 16"
"gnedtzip","9","9","8","9","10","10","10","11"," 11","11"
"onpfgkde"," 9","12","13"," 11","15","13","11","13"," 9","10"
"qbnskwcz","6"," 5","11 ","8","8","9","9"," 8","5","11"
"sdqoagxm","15","10","13","12","10","11","9","13"," 12","14"
"wmvneqli","11","11","6","7"," 10 ","10",",14","14","8 "," 11"
"ljawqrou","8","8","7","6","17"," 9","11"," 8 "," 6","14"
"nmjuwzeo","8","10","9","9","13","9","14","15","12_","15"
"okfutmhg","16","12","9","10","9","6","8","9","11 "," 9"
"eptmawdz","12","9","15","8","11 ","10","15","11","10 ","11"
"vidyqnrb","9","8"," 9","","8 ","7","9"," 8 ","6","12"
"zorfjvem","14","13","8"," 11","13","12","14","13","14"," 7"
"ohabqfvw"," 10 ","8","9","7","10","7 ","9"," ","4 ","10"
"jungvxac","11 ","12","11","11","9","11","13","11","9","8"
"xemtgiqz","11","11 ","8","10","15","9","9","10","13","13"
"aocpmsjt","11 ","7","10","11","8","5 ","10","7"," 5"," 15"
"ijxfghmv","6","11","11","10","7","10 ","7","8","7","9"
"tbplmciz","8","10","10 ","7","13","12","10","15","9","16 "
"kogalynm","13","9","8","11","12","11","10","6","12","14"
"bzmwxvne","/","7","12","8","9","6 ","/","12","10","8"
"cemytdng","10","19","9 ","12","16","17","11","12","19","17"
"skfcvxpa","8","9","8","8","8","7","11","7","9","7"
"dqlrebvc","10","12"," 13"," 10 ","8","9","11","13"," 13"," 7"
"zcsbqovj","13","13","11","14","10","10","16","13","10","9"
"rqmajies","11","9","6","9","8","13","4","9","13 ","10"
"hgrtamop","7","10"," 10 "," 12","10","9","5","14","12 ","9"
"xyeuisvj","11","12","10","7","7","9","6","9","10 ","5"
"eglzbujs"," 10","14","12","12","12","8","11","13","10"," 9"
"dsntjocm","10","8"," 8","4","13 ","3","12","9","7","11"
"iksnthom","12","16","17","11","8","12 ","14","9"," 15","6"
"jaeiucsm","8","6","11","9","9 ","11",",11","8","7","7"
"iacpszov","10","9","11","10","9","12","13 ","15","15","10"
"nsbjcfka","11","6","6 ","9","11","8 ","9","10 ","10"," 9"
"sfjckhdt","9","10","8","5","12","13","11 ","8","11","11"
"pgirtxcm","8","6"," 9 ","7","6","9","9","8","9","7"
"scwaridq","13","14","6"," 11"," 10"," 12","6","10","12","11"
"vzpfcuqd","/11","11","10 ","11 ","8","13","9","14","11","12"
"cjdwpgyb"," 7","9"," 11"," 10 ","11","11","16","11","9","13"
"kquzsrxc"," 9","10","14","13","11","13","13","11","13","12"
"wbkhmezd","11","14 ","13","13","14"," 12 ","12 ","9","12","13"
"xafyqkmd","9 ","12","9","10 ","9","8","8 ","14","11"," 14"
"xbkhdnwq","12","10","13"," 14 ","12","6","11","19","9"," 9 "
"mquwkzdo","14","8 "," 7","5","10 "," 9","8","8 ","7","7"
"ufxalnyz","12","10","10","10","7","6","8","8","10","11"
"ixtlkozf"," 11","10","10"," 15","7","10 ","9","8","12","10"
"ctleprhy","7","5","10","8","6","5"," 8","9"," 6","5"
"fljzpviy","8","13","11","11 ","10","13","13","11","12","7"
"fpngastz","6","9","9 ","8 ","2","10 ","10 ","4","10","8"
"npmvkjer","10","7","9","4 ","14","8"," 11","6","7","7 "
"zckolaxw","11","16"," 13","17","13"," 13"," 14","13","15 ","12"
"tvoadfqg","8","13"," ,8"," 12 ","10","10 ","8","11","8 ","15"
"swemlpxj","12","11","13","7","11","8"," 8","11 "," 7","9"
"zwriucha","10","14","14","11"," 12 ","11","11 ","12","13","9"
"aczslfmy","9","7 ","9","8"," 9","9 ","12","6"," 14","11"
"xmzdkopi","12","12","13"," 9","13","12","11 ","11","11","13"
"txjzslen","9","10","16","15","9","15","14","16","11","11"
"amhotkrw","6","11","11","11","17"," 11","16"," ","16 ","10"
"gsfhmwrl","9","10","12","9"," 10","11","12"," 6","9","9"
"qmofjatv","10"," ","12","12","9","9","11","7","13","9"
"dehkotcz","13 ","8","3","11 ","9","8","8 "," 10","13","4"
"cjqurely","11 ","15","7"," 5","10","7","7"," 15","9","8"
"ypjitgqx","11","6 ","9 ","9","13","10","6","9","6","14"
"pxbmvtnc","12","8"," 12","12","11","6","9","10","13","10"
"bjfptknr","8","11","11","15 ","9","9","14","13","13 ","11 "
"ounfksgc","12","16","13","12","12","8","15","10 "," 11","16"
"nbzplvmx","15","15","9","10","13","12","11 ","15","10","16"
"mpylxtkj","16"," 10","9","12","8","7","12","13","10","8"
"dkfonmrt"," 10","15","12"," 15","9","16","13","12","14","6"
"hztfgjui","7","12","11","12","10","13","15","11","11 ","9"
"nbkiwvmr","14"," 10"," 12","7","8","9","13"," 9"," 9","5"
"meayxldb","10","9","11 ","11","9","16","7","9","16 ","8 "
"aklxyozb","11","7","12","9"," 9","11","11","8","7","8"
"ezjmgsvt","9"," 12","10","14"," 11","8","12","10","8","4"
"psbjrlxy","11 ","2","12","7","6","5","9","7","5 ","9"
"rygctflu","7","7","9"," 13","10 ","6","7","9","8","11"
"gxtewojr","10","11","12","10","11, ","8","11","7","8","13"
"gnydxqbi","11","13","7","13 ","11","12","12","10 ","13 "," 16 "
"zekmfhao","13","9"," 8","13","8","10","11 ","12 ","13","12"
"ufdlowec","7","6","5","11","13","7","4","10","12","11"
"doxpsima","16","16","18","18","12"," 17","16","18","18","16"
"quptkfir","12","7","12","13","11","6","11","11"," 9","11"
"mrzsuoae","13","16","14","6 "," ","13","10","13","10"," 9"
"dzpiogyc","7","10","13","9","9","11","10","10","10","10"
"scgevdql","5","8","10","10","9","7","7"," 8","10","6"
"ivqmgaeh"," 9"," 14","/","10","11","14","10 ","11"," 13","14"
"bzsqdnvp","6","14","13 ","8","11","12","10 ","8","14","11 "
"ziquvdtj","12","9","10","9","9","12","8","11","8","5"
"oqjsxrcb","11","9","6","8","10","12,","11 ","7","9","9"
"srelfkha","16","8"," 13","9"," 12","7 ","13","13","11","11"
"vrbcyjpd","11","8","7","10 ","4","10","12","8","8","8"
"wfntzbgr","14 ","13","15","8"," 12","11","8"," 12","11","13"
"bmqfckja","12","14","8","14","11","16","12","11 ","10","11"
"jwpaixeb","6"," 6"," 7","2","10","3","6","6"," 8","6"
"qpmwdyvh","11","15","11","12","7","14 ","9","12","9","12 "
"qntvmaob","17","9","9 ","8","14"," 9","12 ","12","10","13"
"ownifjmx","14","9","9","11","10","6","12","10","10","16"
"gncpyetj"," 13","12","13","10"," 10","11","13","11","13","12"
"edjqbxua","7","9","13 "," 5"," 12"," 9"," 7","8","10","18"
"isjhemad","15","12","/8","7","14"," ","14","","11","11"
"lqptofiz","11","6"," 12","10","10","11","9"," 11","9 ","10"
"aobscikw","7","12"," 12","10","11","12","9","8","8","16"
"wmyzualo","10","14","14","7","10","13 ","8"," 12","12","11"
"cmpodwix","10","12","7 "," 9","11","14","8","10","13","11"
"xsrufypg","12","12","7","11",",11","8","12","15","12 ","6"
"qwbzgsft","9","8","11","11","10","5","11","7","4","9_"
"rsptkajn","6","10 ","8","6","9"," 10","7","5","10","11"
"tufowevg"," 13","13","14","12","14","15","10","12 ","16","13"
"wnuaflks","4","10","11","10","10","6","12","7","10","10"
"owlvhguf","13","14"," 10","11","10","6","9","11","9","10"
"fouxmqtn","9"," 12","6","7","7","11","10"," 9","9","11"
"egocyvdm","12","13","14","16","11"," 12","13"," 14","9 ","14"
"lpseayig","12"," 10","9","7 ","7","8 ","3","10"," ","9"
"igltuchz","13"," 14"," 15"," 15","15","11","10 ","12"," 8 ","9 "
"hnixymgq","8","10","11","13","8","11","8","10","11","9"
"ngqiswob","13","13","8","11","8","12","10","13","12","9"
"ghtpqnwo","10","10","7","10","9","10","8",",9","13","15"
"ljhdfpyb","12","18","13","/","13"," 19","16","15","19","10"
"xglhcqze","8"," 4","11 "," 10","6 ","4","13 ","11","7"," 6"
"ybjqtohk","11","9","10","11","12","12","11","6","14 ","7"
"cukthrgi","10","14","10","3","8","11","9","9","12","11"
"ityxawbq"," 14"," 9","6","7","8","8","11","4","11","11"
"mpjovdbz","13"," 11","12","10","11","7","13 ","14","6","9 "
"gmpncuwj"," 15","14","13","11","10","8 "," 11"," 8","12","12"
"loyfbqrn","9","9","15","11","11","10","10","11","9","12"
"lghvnwuy","9","6","5","11"," 11","5","8","8","5","8"
"uisfavjb","18","16","14","19","9","15","14","15"," 11","11 "
"ubcmlyzf","11","7","9","9","15","7","7","7"," 11"," 13"
"kspiqnxg","5","7","11","8","11","11","14","8","7","8"
"nhyfpiju","2","12","3","9","8","8 ","8","7","12","8"
"pgrxmjwi","15","12","7","9","11 ","11","10","9","9","10"
"psxlzjyv","13_","8","15","11","12","7","9","13","13","8 "
"lofujnxm","16","12","10","13","12","12","11"," 10","8","13"
"lgzvqmho","11","7","6 ","7","13","11","6","10","11","9"
"faolhzxc","9","6","8","8"," 10","9 "," 8","9","9","8"
"pbmfanow","11","10","7","16","12","12","11","12","9","15"
"wfzxilst","9","11","9","10","8","15","10","11","12","8"
"nqhfswmj","9","13","13"," 13"," 9","8 ","11","10","9","14"
"rxctkmzb","10","10","15","8","10","11","12","9"," 10","10"
"uapqrbis","13 ","16"," 16","14","11","17","13"," 11","15","13"
"lgfinkbt","12","12","7","9","13","8","12","13","6","12 "
"zfhnmxjv","12","7","8_","6","6","9","7","11","8","12"
"xomeiyaw","12","16","11","14","8 ","15","8","15 "," 16","15"
"pzkitaev","13","14","12","11","11","14 ","12","14","9","11"
"bpqzhlgf","13","12","10","19 ","13","9","11","14","11","15"
"uhxbnqlg","7","9","8","7","5","8","9","7","10","9"
"tcoibnrj","12","7","9","8","12","6","8","4 "," 12","11"
"eaytjlfi","12","14","11 ","10","16","8","12","11","14","14"
"itlouvpm","8","6","7","10 ","13"," 4","7","11","9","11"
"kwruxzny","11","10","11","7","8","10","9","9","10","11"
"rbhpvxzy","6","8","8","6","13","8","14","15 ","7","7"
"dmvkiyzt","9","14 "," 11","13","9","11 ","11","8"," 11","13"
"cgrlixnt","8","4","12","9","10"," 6","11 "," 14","9","10"
"cijbdngm","11"," 11","11","11","9","12","15","13 ","11","10"
"ecqutzxs","9","10"," 8 ","10","9","13","13","9","16"," 11"
"ijgtqhwy","8","11","12 ","13 ","9","8","13","8"," 12","10"
"fbcvwuye","10","7","7","9","7","10","6","10"," 11","8"
"tmphxdkn"," 11","11","12"," 11","15 ","16","6","10","15","7"
"ckgaytnb","14","12","14","9","13","9","10","9","13","11"
"esctjnml","13","16","9 ","15","10","17","12","15","13","13"
"wuxtlyoq","6","7 ","9","11","11","9"," 9","9","9 ","8"
"gyjbdthl","9","17","9","7"," 8","11","6","6","10","11"
"bjguxhwd","13","10","15","10 ","11","12","16","13","12","/14"
"tnprxoig","10"," 13","11","14","9","11","15","15","10","8"
"jrqzande","9","11","10","9","6","9","11","13","10","10"
"crwamhjp","6","6","9","5 ","7","8","9","5","5 ","9"
"iynwqcuz","6 "," 13","8","12","11","13"," 11 ","9 "," 17","16"
"ojghwusy","10","13 ","7","11","12","7","7","13","10","11"
"qrfijbnu","12"," 13","13,","14","9","12"," 11 ","12","10","10"
"besvpjyc","11 ","12","17","10","8","12"," 8","10","11","7"
"bwrupaks","7","12","4"," 9","15","7","10","14","7","13"
"ahtgrqlv","8","7","8"," 9","14","10","7","13 ","13"," 10"
"gotiwbxp","4","9","12","2","6","9","9","5","4","3"
"hnwqceiu","12","10 ","12","10","7","10","7","7","10","10"
"ulsjogna","8","11","7","8","8","12","8"," 9","11","6"
"hrbfuxsc","12","9","8","14","10","9","11","6","8","10"
"hlpmxatu","9","10 "," 7"," 11","11","10","8","11","5 "," 13"
"enbrozck","6","12"," 7","4","10","11","9","4","6","9"
"yvlbxuwk","14","9","11","11","8","10","7","5","12","7 "
"wkzjhcsg"," 7","14"," 10","10","11"," 14","/","16","11","5"
"ngsciexj","6","5","1"," 6","6","5","2",",6","6","3"
"mldpuixc","14","12","8","14","9 ","13","12","11"," 12","9"
"biuzcxnd","7 ","13","11","15 ","9"," 10","15","11"," 12","12"
"dfrszgpk","9","12","16","9","5","8"," 13","8","11","6"
"mybcdhui","13","15","15 ","16","11","12"," 12","16"," 10 ","16 "
"bgjievmn","11","9"," 11","7","8","11","14"," 9","14","4"
"zakglmti","5 ","10","5 ","5","12","10","7","3 ","11","10"
"vlmybsik","11","11","8","10","5","10 ","9","10","15 ","7"
"rgavioyd","8","9","10"," 7","6 ","11","9 ","5","8","8"
"kdygczao","12","4","9","5","13","3","8 ","9 ","9"," 6"
"npakutcj","11","13 "," 10","9","9","13","10","9","16 ","13"
"qropyauh","13","8","12","5","9","11","10 ","11","8"," 12"
"lhuqybko"," 9","14","10","10 ","6","13","12","11 ","13","13"
"rlmqzvow","6","12","12","11","10 ","15","14","9","10","5"
"xpbykieo","12","9","9","10","8","11","9 ","11 ","11","7"
"eipvfznh","18"," 13","9"," 16","11","15","15","13","14","13"
"dzoimbvp","14 ","13","14_","11","10","14","13","15","13","10"
"soirefzq"," 9","8 ","12","7","9","8 "," 10","12"," 8","12"
"mouhfcqt","5","9","9","6"," 5"," 7","8","5","6","2"
"pdnmxcor","8","8","5 ","8"," 5 ","7","8","4","7","9"
"iyzxdsga","6","15","7","6","6","8","10","5","11","10"
"vxqzrlgf","2"," 4","6","9","9","/8 ","6 ","5_","9"," 13"
"iojdfyng"," 17","7","9","7","8","6","11 ","8","10","4"
"xbchjlyz","8","9","8","9","12","10","10"," 10","11","10"
"zcremqjb","10","6","13","10","9","9","13","10","12","13"
"ouvahkct","10","13","13","8","13","10","10","6 ","9 ","15"
"chnpjmru"," 12"," 11","12","13","12"," 12","10","13 ","14","13"
"nmwpdxko"," 6","10","7","8","10"," 4"," 11","5","9","10"
"ugtivckn","11","13 "," 12","8","9","9","7","17"," 14","7"
"rckeqztw","6","10 ","8","7","10","9","4","4 ","9","13"
"rjyswbgq","15","13","11","7","9","14","11","16","11"," 11"
"gdihlqam","8","10","7","7","9","7","7","7","8","11 "
"nhxzufjt"," 14","14","8"," 9","15","13","13","16"," 13","10"
"zgfkqbln","10","9","6","7","14"," 9","8","6","10","5"
"grbwtkam","11","9","8","9","7","12","7"," 11","10","7"
"ujxistrf"," 8"," 9","12","10","8","12","12","11","12","11"
"lwodxrhu","10","4","9","12","9","8","7","6","11"," 6"
"mkcgospr","9","10","9","13","10","7","10","13","12","10"
"lpgfxina","11","10","11","9","8","13","11","12","9","9_"
"dkxwcsmo","10","7","10","11","7","10","11","11","8","16"
"dfwunyxb","13","10","8","15","10","10","11","14","12 ","15 "
"glvybiaz","12","12","13","14"," 14","12","15","11","12","14"
"cvdxmzlk","13","13","8","11","10"," 13","11","13","12","16"
"uskcdbtz","12","9","12"," 8","8","9","11"," 11"," 8 ","12"
"ljduvywo","15","13","10","14 ","18","11","15","8","12","16"
"ywvptnru","9","7","7","6_","17","11","6 ","7","9","13"
"auhowtdm","15","15","12","12","14 ","14","10 ","16","14","13"
"ixtaqzcd","11 ","15","18","14","8","13","13"," 16","12","19"
"zmjfulxb","4","9"," 8"," 7","9","7","4 ","5","7","8"
"jywrbnox","10","10 ","15","10","4","13"," 15","8","15 ","10"
"tgfdwmuh","13"," 11","9","10","10 ","10","8","9 ","11","13"
"ekuimxhw"," 7","9","9","7","10","7 ","3","7","10 ","11"
"atvnxhog","10","10","13","11","14","12","11","14","6","13"
"zmvxwfot","9","12","9","7","9","9","11","6"," 16 ","7"
"nemdzcgb"," 14","16","12","16","14","11","17","13","11","13"
"nhtadzoy","12","11","18","12","13","15","19","15","13","10"
"lfdtusbq","6","5","9","6","8"," 12","10","7","5","5"
"olwtvbnk","17","13 ","4","16","12 ","13","13","13","16","16"
"erhsmnlk"," 8 ","12"," 15","14 ","8","11","12","11","10","5"
"xeqbclzu","10","9","8","14"," 6"," 11"," 9","8","10","13"
"exzhtdbs","12","9"," 11","11","10","9","7","13 ","9"," 10"
"grdjnibe"," 11","9","14","10 "," 5"," 10 ","15","9","14","10"
"jfsmptah","9 ","11 ","5","6","8","9 ","9 ","7","7","10 "
"iahlpkdo"," 9","10","11","13","10"," 12 "," 15","11","10","9"
"zghmbqit","16","15","9","16","11","11","11","13","14","14"
"hlurnxqa","10","11","7 ","12","13","11","14","10","11","13 "
"onwplgtv","11","12"," 16","16 ","14","15","13","13","11","13 "
"mkvbtqfd","3","6"," 18","11","7","6","11","11","10","9"
"vnquxmia","3 ","6","6","8","7","6"," 10 ","3","6","4"
"amoynpdq","8","10","7 ","10","4 ","11","6","3","7","8"
"vidsqcxy","8","12","19","9 ","8 ","15","12","11","13","11"
"orsdkjza","13"," 11","14","14","15 ","11","14","10","12","12"
"kfxtzasj","10","14","12","15","12 ","14","19","13","11","14"
"hvijplky","14 "," 14","10 ","15","4","14","/9","11 ","15","6 "
"mgvlopyx","10","9","7","4","12","7","10","6","8","11"
"yqfcdzgh","14","11 ","12"," 11,","8","11","10","11 "," 11 ","9"
"soyigjlp","10","10","4","11","10","12","7","16","13","7"
"ywxsfbhr","9","6","11","9","14"," 9","12","11","10","11"
"uwrfevjq"," 4"," 7","5","4","6"," 6","2","5","6","7"
"fwphrqgu","9","8","9","10","7","7","10 ","9","15","8"
"ykgnloxb","9","8","8","10","14","8","","13 ","10","7"
"tnyswvpx","9","8","9 ","8","13","9","7","6","6","14"
"wdbjalei","13","11","12","12","13","9","14","11","12","11"
"pvrusqte","10","11","13","14","10","12"," 11","8","11","13"
"vwgkxqyb","7","11","6","5","11","6","11 ","9","8","12"
"afuiotch","7","11","6","13","7","13","10","10","17","6"
"bzeyrgoc","7","10","11","7","6","14","9"," 7"," 9","5"
"dluzacfo","13","10"," 10","15","7","9 ","8","13","11","8"
"vimjdnrz","6","11","11","10","10","13","8","9","9","7"
"ptdowaqs","7","8","9","9","12","10","11 ","10","11","9"
"mehdyija","15","15","15","14","17","17","12","14","19","9"
"mtyexzqs","11","10","12","5","7","13","8","6"," 8","4"
"apybicnz","12","12","13","9","7","12"," 8","10","9","17"
"adhntzfg","8","7","6","6","11","9","6","8","10 ","6"
"ocnhybgp"," 10","3","12","11"," 11","6","10","6","1","6"
"nyusoleq","14","14 "," 16","9","16","16","11","14","14 ","17"
"lbghprew","10","6","9 ","12"," ","8","9","9","10","9"
"nwyhobsj"," 9","13","8","5","17","13","8","6","11","13"
"logbsxej","12","12","13","14","15","10","12","9","14","12"
"amvpnlro","12","11 ","7","15","10","12","8","12","10","9"
"jdoeprlz","12","/ "," 5","8,","10","10 ","9","10","10"," 13"
"wselraxz","13","12","11 ","10","9","8","7","8","13 "," 9"
"peoixgvy","11","10","11","14","9","11","8","10","14","10 "
"rwejgxzv","9","8","5","4","4","7 ","8"," 6","10","8"
"sfribecm","8"," 8","6","12","14","9 ","8","7","8","9"
"datbfxpo","10","11","8","9","7","9","11 ","7","13","12"
"bgtexkdi"," 12","8","6","10","13","4","12","14","8","10"
"kqbmveid","11"," 15","13","10 ","11","10","10","8","9","8"
"ukmwfiyv","13","13","19","9","16","15","14"," 14","13"," 19"
"dnalxtgu","10"," 11","13","13"," 8","9","10","11","9","12 "
"fcorzeys","8","11","8 "," 11","8 ","12","10","12 ","12","8"
"wmrlabkv","12","11","10","11","5","8","10","12","9"," 8"
"twxojzny","10"," 8"," 7","","14","11","8 ","12","7","11"
"djglupeb"," 7","8","4"," 9","7 ","13","8","11","14","8"
"kgyudwan","10","8","13","11","10 ","5","9","6","12 ","14"
"ilqndvht","9","5","13"," 9","8","9","11","9","9","6"
"bgstxmiy","10","9","14 ","14","6","10","10","15","9","8"
"dnectoiy"," 9","11","10"," 13","12","13","8","12","9","12"
"uekypida","10 ","12","15","6","12","12"," 12","10"," 9","13"
"qxyldtip","7","5","8"," 3","8","8","10","6","6"," 5"
"yqosiher","12","9","9","4","11","15","12","14","13 ","11"
"vnolidjc","13","11","12","16","8","13","8","12","12","10"
"uqoxkbcr","6","8","14"," 9"," 18","13","14","8"," 13","9 "
"ghutpsre","10","7","9","9","10","6"," 9 ","9","4","7"
"jusgqilb","11","9","14"," 12","9","11","8","10","10","11"
"vumltfyi","6","10","12","12 ","12","12","8","8","11","9"
"oqsiwkzx"," 9","9","/","7","8","8","8","6","13","7"
"gidmfqkp","9","10","10","9","5","11","11","8","7 ","7"
"vwkpsjya","12","16","10","15","12","14","11","15","13","15"
"gshawcyd","8 ","12","17","19","14","16","16 ","15","13","15"
"tzkuabif","7"," 7","5","15","11","8","5","10","6 ","8 "
"zdysilmr","8","9","13","6","10","11","16 ","6","10 ","13"
"jloyeihg","6","6","/","4","5","8","8","8"," 6","6"
"ohigndcx","8","13","8","11","13","12 ","15","9","9","11"
"rclzwpie","8"," 8","13","11","16","9","10","10"," 15"," 17"
"gcxlkwra","15 ","8 "," 10","9","9","7","10","11","10","14"
"dcaosvlu","6","9","8","9","6","14","4","5 ","6","6"
"ohfkesnd","12"," 8","12","6","14 ","9","13","11","12 ","13"
"vhrwgkyx","8"," 7","8","8 ","10","10","10","7","9","11"
"itwojqxa","6","5","8","9","9","6"," 12"," 12 ","7","7"
"zjecouqv","4"," 5","4","6","8","2","6","9","3 ","9"
"tnusgclw","8","8","8","4_","10"," 10","11 ","14","6"," 16"
"mhjebsvo","14","15","11 "," 9 ","10","10","14"," 13","9","8"
"qyextihm","8","10","8","8","13","13","11 ","8","7","9"
"gomlcisz","6","4","6","8","8","9","8","11","7","8"
"nplwtdoe","7","9","","5","9","4","9","8","9","6"
"jprcmqfv","10","13","10","15","10","10","9","7","10","7"
"qzgxpidf","7","5"," 8","10 ","8","7","12","7","10","8 "
"pdlvcxuo","8","13","14 ","13","14 ","15","16","13","12 "," 12"
"jxspvmtf","11 ","11 ","10 ","15","12 ","14 ","16 ","16","14","14"
"ipqczgtm","13","8","8","7","14","4","5 ","10","9","8"
"kwmixyhc"," 9","11","5"," 13","8","12"," 12","4","12","7 "
"ryaituln"," 12","12","12","10 ","13","8","16","11","8","6"
"uiybozmv","11","13","7","8","11","11","9","10","7","9"
"gnjplhed","14","15","9","14","9 ","14","5","12","11","10"
"kxrhqpud","8","15","10","8 ","11","12","19","6","15","14"
"umcefobq","16","11 ","12"," 12 ","11","9"," 10","11","11","11"
"tgljvyxh","11","8","12","5","6"," 9 ","10","2 ","7","2"
"zkbsorwf","10"," 9","13","7","8","11","11","10","8","7"
"fkxsurcy","18","10"," 13","10","14","13","10 ","11","7","13"
"porucvis","11","17","13","10","16"," 15 ","14","13","14","14"
"grdevkjx","14","15","15","9","9"," 14","8","14","11","13"
"tasgdlvm","6"," 8","5","4","7","8","7"," 4","9"," 2"
"cpbilqza","5","6 ","7","5","12 ","6","5","10","8","11"
"ckwhsyeu","7","14","12","8","11","10","12"," 4","11","14"
"iltajnyh","11"," 9","8","8","11","9","17","11","7","14 "
"jcvtdfwx","11","11","6","6","11","12","11","5","13","10"
"niulmray","10","12,","12","14","13","10","8","13","12","13 "
"tnsdchub","11","8","11","11 "," 7 ","12","12"," 14","8","9"
"zunftqgi","10 ","12","11","11","4","5"," 14","13","9","7"
"cpdijhvo","9","6"," 12","6"," 8","8","13","/10","4","11"
"btnlqewk","6","11","9"," ","13","7","5 ","7","11"," 10"
"jrwqgnut","9","10","15","11"," 8"," 8","13","8"," 11","10"
"aszncybk"," 18 ","15","12","16","10 ","10","11","14","14","11"
"csigtray","8","12","8","10","6","7","7","12","7","12"
"zegorxid","14","6","8"," /15","9","9","9","14","10","9"
"komjviux","8","9","10","9","13","9","11","6","3","15"
"xwnvedua","12","7","10","9","10","10","13","11","6","16"
"kdqgfwaz","9","10","10","10","3","6 ","- ","11","7","7"
"guwdqkfv","14 ","11"," ","10","10","9","9","7","9","4"
"tmnsuwpg","9","9","4","8","6","12","7","8 ","11","5"
"sltcegjx","17","10"," 11","14","6"," 12","","12","11","10"
"koyelwfx","7","8","9","7","7","8","5","8 "," 7","7"
"ngdxsiuj","/","15","10","13","","14","13","15"," 12"," 14"
"olgsfyaw","13","13","9","11 ","10"," 14","12","12","9","10"
"pxytjmws","14","16","9","11","7","16","14","11","14"," 13"
"eduhamqy","11","11","14","10","8","13","10","11"," 14","12"
"dvqacngw","5","10"," 11","11","15","8","7","9","12","10"
"gjruvwbi","7","14","13","10","11","14","10_ "," 11","15","10"
"jxahksnw","10","11 ","13","12","9","12","17","10","12 ","13"
"knhbadjf","10","11","7","11","13","14 ","10","10","11","15"
"pvhysfam","10","10","11","10","7","7","12","10","8","9"
"ozpktibm","11","9","12","/","12"," 7","8","11","7","13 "
"ecivlabw","8","7","10","13","10"," 7 ","6","9 ","2000","12"
"jkafmxho","10","8","10","9","6","8","10","7","8","8"
"bpovkhql","7","9","7","14","10"," 7","5","10","11"," 4 "
"pxibwzmv","5","8","7 ","5","8","7","6","6"," 12","3"
"chdbxqga","16","11","10","10","10","11 ","5","8","6","7"
"bhjnekoy","8"," 8 ","7","8","9 ","10 ","8","9","14 ","9"
"rjhfczei","8","5","13","10 ","9"," 11"," 12,"," 12","8","7 "
"dytifjro","12","7","8","8 ","11","8","5"," 4","9","10 "
"lparfkoh","10","11","14","11","7","6","11","4","9","12"
"drsujmle","8 ","12 ","11","10","12","9","7","10","10","9"
"inbltuag","14","14","14","11","9","15","13","10 ","14"," 16"
"oruzckql","7","9","8 ","12","12","7 ","12","7","8","11"
"fmjyovwx","7","11","10","12"," 3","5","12","8","6","4"
"gnzaekpu","11","13","11","6","9"," 13","11","8","7 ","7"
"krxwgulb","10","10","10","11","12","9","7","10","9","14"
"czbtuqnl","12","10","9"," 11"," 10","11"," 12","6","13","8"
"gcwitlqk","9","17","12","15","7","16","14","9","18","13"
"rtgfhiyz","10","11","10","12","8","11"," 10","16"," 10","7"
"gpsnkyih","11","9","7","11","10","13","12","9"," 14","10"
"nuvwzcpk"," 10","9","2","5","10","8","4","11 ","9","11 "
"eizomnul","9","10 ","13","10 ","10","13","10","14 ","12","8"
"byqtzpos","7","3",",3","7","11","2","6"," 8"," 3","10"
"nbvxukmq","7","5","9","8 ","11","12","8","9","13","11"
"fdaixneo","10","10","10"," 7"," 6","5","11","3","8","11"
"pqrskxnc","14","9","8 ","8","16","9","10","12","10","8"
"ouvdmijh","11"," 15","12","11","7","13","11","12 ","14","11"
"lipogfxb","11","6","9","7","7 ","6","14"," 11","5","13"
"bojsnzla","8","8","10","6","11","11"," 8","7"," 10 ","8 "
"aqlfbyng","8","11"," 8","9","10","10","12","6","13"," 7"
"qehsoiyr","7","","13","9","14","9"," 12","10","10","9"
"vkloxzga","10","8","15","7","8","8","12 ","9","12","11"
"bmneqogh","8"," 10"," 13","7","9","5","8","3","4 ","4"
"bfexirhl","11 ","10","6","13","8","13","11","11","12","7"
"lvobshje","10","15","12"," 12","6","9","10","7","8","6"
"xdtvgmyz","10","13","13","10","10","9","10"," 13","13","9"
"mxqbuchp","14","7","13","12","7 ","9","10","13","6","9"
"vglinqhf","4","6","12","1","11","11","7 ","7","8","8"
"fnrkimzg","18","17","12","15","11","16","10","13","9","12"
"bdwyklqf","10","9","6","5","6","8","13","7","11","11"
"kvybjode","9","7","11","12","14","7","4","8","5","9"
"calomjpw"," 13"," 11","7","9","8","10","8","12","11_","13"
"clyesrjq","10","15","9","11"," 8"," 12","12","13","18","12"
"omjsdxnh"," 8","9","11","9","5"," 9 ","8","8","6","8"
"ecgntjym","10","16","15","17","16","11","15","18","14 ","16"
"ycslkqtn","9","4 ","6","  "," 8","9","3"," 7"," 7"," 6"
"cajwrgmi","8","10","11","8","10","9","8","10","9","8"
"qgluakyt","11","9","7","9","10 ","9","10 ","10","10","11"
"rufwbdet","7","9","10"," 3 ","12 ","8 ","12 ","7","8"," 11"
"djokxghe","16","13","11","15","8","14","10","14","12","13"
"ugmrvidp","10","10","9","16","11 ","13","7","5","12","9"
"hbqpmuie","13","13","6","14","13","13","12","12","8","16 "
"hkiqdyvl","6","8"," 12","9","12","9","8","7","11","9 "
"tieyqckm","13","8","8","6","12"," 9","7","14","9 ","12 "
"fihteckr","10","6 ","10","10","13","9,","15 ","14 "," 11","11"
"cyrnzhpe","7"," 10","11","9","11","12","9 ","10","9","14"
"paibsnuy","13","9","10","10","9","8","8","12","9","15"
