"idName","Openness1","Openness2","Openness3","Openness4","Openness5","Openness6","Openness7","Openness8","Agreab1","Agreab2","Agreab3","Agreab4","Agreab5","Agreab6","Agreab7","Agreab8"
"jprcmqfv","1","2","4","1","3","1","1","1","1","1"," 1","1"," 1","1","1","1"
"zmjfulxb","2","1","4 ","1","1","1","1","2","1","2","1","2","1","1","3","1"
"glvybiaz","3","2","5","1","3","5","3","4","5","2","2"," 3","1","1","2","4"
"owlvhguf","1","5","4","4","3","3","5","5","1","3","2","5","3","1","5","5"
"kwruxzny","2"," 5","4","4","4","5","1","5","1","4 ","3","4","","4","4","1"
"tgfdwmuh"," 3","3","1","1","5","5"," 3","3","1","2","2","3","5","5","1","4"
"ngdxsiuj","1 ","1","4","1","5","1","3","2","1","3","3","5","3","1","3","4"
"afdoleyc","1","5","1","2","1","1","2","3","1","1","1","2","1"," 4","2","5"
"gotiwbxp","1","2","4","1","1","1","3","2","1","3 ","3","3","2 ","1","1","4"
"ijgtqhwy","1","1","1","1","1 ","1","1","1 ","1","1","1","2","1","1","1","1"
"hvijplky","1","1","4","1","1","1","1","2","1","2","2","3","1","1"," 1","1"
"zfolmqbe","1","1 ","1","1","5","1","1","1 ","1","2","3","4","2","1","1","1 "
"qntvmaob","3","2","4","2","3","1","2"," 3","3 ","2","3","3","4","1","3","2"
"logbsxej","3","3","4","4","3","5","3","4","5","5","3","5","5","5 ","5","5"
"drgitbho","1","2","5","4","3"," 1","3 ","5","1","3","2","2","1 ","4","1","5"
"ahtgrqlv","3","3"," 4","1","3","3","3","1","1","3","3","1","1","3","1 ","1"
"jinvmloe","3 ","5","4","4","5","4","2","5","1","3","4","3 ","4","5","5 ","5"
"valwrxmp","3","1","5","2","3","2","5","4"," 1","2","2","5","1","3","5","5"
"xyeuisvj","3","2","4","1","1","1","1","4","1","3","3","3","1","1","4","5"
"ykgnloxb","1","5","1","4","2","1","3","3","1","3","2","2","2"," 4","1","5"
"lgwphmvn","3","2","1","2"," 3","1","3","2","1","2 ","3","3","4","1","2","3"
"apybicnz","3","2","1","4","3","5","2","2","1 ","2","5","2","3","1","-","4"
"hkiqdyvl","1 ","1","4 ","1","","3","1","2","1","2","2","2","1","1","1","4"
"lxjwczko","3","3","4","1","1","1","1"," 4","1","2","3","2","1","1"," 1","1"
"wselraxz","2","3","4","4","3","2","3","2","1","3","2","3","3","4","3","5"
"ourviygf","1","1","4","1","3","3","2","4","1","2","3","2","1","1","1","1"
"bhjnekoy","1","3"," 3","1","3","1","2","3"," 1","3","5","2","1","3","1","1"
"sfjckhdt","5","4","3","2","1","1","1","3","5","2","2","2","1","1"," 1 ","5"
"lqptofiz","2","2","4","4","3","1","1","4","1","2"," 5","5","4","5","1","5"
"hnwqceiu","5","2"," 4","1","3","2","3","4","1","2","2","2","1","1","4","4"
"xdtvgmyz","5","4","5","5","4","1","5","4","1","3","3","5 ","4","5","1","2"
"enbrozck","1","3 ","1","2","1","1","1","1","1","1","1","1","3","1"," 1","1"
"yaqkouip","3 ","5 ","4","5","3","1","3","4","5","4","3","4","1","5","1","5"
"blfjikps","3","5","1","5","5","5","3","5","1 ","4","3","4","5","5","3",""
"wfntzbgr","5","5","4","4 ","5","5","3","5","4","4","4","3","5","1","5","5"
"adhntzfg","1","1","1","1 ","3","1","1","2","1","1","2","2","1","1","1","1"
"grdjnibe","1","2","4","2","3","1","1","2 ","1","3","3","2","2"," 1","1","3"
"eduhamqy","1","1","3","1 ","3","1","1 "," 1 "," 1 ","2","1","2","1","1","1","1"
"rzjvthcl","2","4","4","5","3","5","3","4","5"," 4 ","3","4","3","5","","4"
"cjdwpgyb","1","3","5","2","3","1","2","4","1","2","4","2","1","1","4","5"
"fbcvwuye","1","1","1","1","1","1","1","1","1","1 ","1","1","1","1","1","1"
"diugawpk","1","2","3","1","3","1","3","2","1","2","2","2","1","1","1","1"
"mvleoxau","2","2","4","4","3","1","5","3","1","2","2","2","3","1","2","1"
"igltuchz"," ","3","4","2","-","3","3","5","1","3","4","2","2","5","1","5"
"bmqfckja"," 2 ","1","4","4"," 1","1","3","1","1 ","4","1","2","3","1 ","1","5"
"ilqndvht","1","2","4","1","3","1","1","4","1","4","3","2","4","1","1","2"
"jwpaixeb","1","1","4","1","3","1","1","5","1","1","1","3","1","1","1","4"
"fbxmchpz","3","1","4","1","1","2","1"," 1","1","3"," 1","2","4","1","4","1 "
"swemlpxj","3","3","4","1","1","1","3","5","1","3","2","3","4 ","5","3","5"
"qmofjatv","3","2","5","2","5","5","4 ","5","5","5"," 2"," 5","5","5","4","5"
"tvoadfqg","2","2","4","1","5","3","3","3","1","4","2","2","1","1","2","4"
"zrhfxnvt","5","4","5","2"," 3","5","2","5","1","3","3","3","3","1","3 ","5"
"lcsrehoi","3","2","4","1","3"," 5","4","4","1","4"," 2","3"," 3"," 5","5","5"
"vnolidjc","1","2","4","2","4","1","3 ","5 ","1","2 ","1","3","5","3","3","4"
"gomlcisz","1","1"," 4","1","3","1 ","3","2","1 ","3","2","2","3 "," 1","1","5"
"eqojmgba","1"," 5","4","1","3","5","1"," 4","5","2","2","2","4","5","3","4"
"sfribecm","2","1","3","1","2","3","3","1","1","2","2","2","4","1","1","5"
"zfhnmxjv","1","1","1 ","1","2","1","5","1","1","2","1","3","1","1","1","3"
"vtsnwglr","5","1","4","4","2","4 ","3","4","1","3","3","3","4","1 ","5","5"
"tnsdchub","5","2","5","5","5","3","3","5","1","3","5","5","4","4","3","5"
"jfwrxknb","1","3 ","4","1","3","1","2","1","1","2","1","3","1","5","1","4"
"nqawpjdl","1 "," 2","3","1","1","3","3","3","1","3","1","3","4","1","1 ","4"
"cygkijhn","3","2","4","2","3","1","2","1","1","1","1","3","1","3"," 2","1 "
"rsptkajn","1","1","4","1","3","3"," 2","4","1","3","1","3","1","3","1 ","1"
"aocpmsjt","1","4 ","1","1","1","1","1","3","1","2","2","2","1","1","1","2"
"ezjmgsvt","1","2","4","1","3","1","1","5","1","3","3","3","1 ","3","1","4"
"nhxzufjt","1","2","5","1","3"," 1","5","2"," 1","3","3","3","5 ","1","3","5"
"zorfjvem","2","2","4","2","3","2"," 5","2","1","2","2","3","4","1","1"," 2"
"gdihlqam","3","1","5 ","1","3","1","3","3","3","3","2","2","4","1","1","5"
"rqshfwdt","5","2","4","4","5","2","2","4","1","3","2","3 ","4","1","1","5"
"zebaripn","1","1","1","1","1","1","1 ","1","1"," 2 ","2","2","2","1 ","1","1"
"olgsfyaw"," 2","2","4","1","3","1","2","2"," 1"," 3"," 2","2","4","1","1"," 4"
"ecivlabw","1","2","4","1","1","1","1","2","1"," 2","3","2","4","1"," 1","4"
"rygctflu","1 ","3","5","2","3","2","3","4","5","3","2","3","1","3","1","2"
"bjguxhwd","3","1","4","1 ","3","1","5","4","1"," 2","2","2","4 ","5","1","1"
"vnquxmia","1","1","1","1","3","1","1"," 2","1","3","1","1","3","1","1 ","1"
"bzmwxvne","1","1","4","1","3","1","1","2","1","1","2","1","1","1","1","4"
"eipvfznh","1","3","4","5","3","2","3","5","1","2","2","3","4","5","2","4"
"yscxbirv","2","2","1","4","4","5","3","","4","3","3","3","5","4","1","5"
"qnszahvj","3","1","5","1","5","1 ","3","5","1","4","5","3","1","1","1","4"
"nhyfpiju","3","4","5","5","5","5","3","4","1","2","3","5","5","5","3","4"
"zwvtsfej","1","3","5","1 ","3","5","4","1 ","1","2","2","3","4","1","2","1"
"jwetfmci","2","1","4","1","1","1 ","3","3","1","2 ","2","2","1","1","1","1"
"xafyqkmd"," 5","3","5 ","5","3","5","5","5","5","5","2","3","4","5","5","5 "
"faikxhdb","5"," 2","5","4","3","4"," 5","3","5","4","2","2","4","4","3","1"
"cajwrgmi"," 1","1","1","2"," 3","3","1","1","1","1","1","2","1","3","1","1"
"dzpiogyc","5","4","5","4","5","5","3","4","5","5 ","3","3","5","4","3","5"
"scwaridq"," 3","5","4","5","5","3","5","4","5","3","4","4","4","3","3","5"
"gnydxqbi","3","2","4"," 2","5","1","3"," 5"," 1","3","2","5","1","1","3","5"
"vdkazuhy","1","2","1","1","3","1","2","2","1","1","2","2","1","1","1","4"
"ukmwfiyv","1","2","4"," 1","3","1","3","2","1","3","3","3","3","1","1","4"
"tcoibnrj","1","1","1"," 2 ","1","1","1","1","1","2","1","2","3","1","1","4"
"nzkwudtr","1","2","1","2","3","1","3","2","1","2","4","2","1","1","1","3"
"ryspengw","2","5","5","5","5","3","3 ","5","3","5","5","5","5","5","4","5"
"saijzcnm","2","5","5","5","5"," 3","5","5","5","5","5","3","5"," 5","4"," 5"
"rtgfhiyz","3","5","5","2","5","3","4","4","1","5"," 2","3","4","5","2","5"
"vrnxubec","2","4","1","2","3","1","1","4","1","2","2","2","1","5","1","5"
"lgfinkbt","1","5","5","4","4","3","2","4","1","4","3","3","1","1","4","4"
"bzsctlxo"," 1","3","4","","3"," 1","1","2","1","2","2","3","1","3","1","4"
"vglinqhf","2","2","4","3","5","4"," 5","5","5","5","3","5","4","5","5","5"
"kmzxubai","1","1","4","2","3","1","2","1","1","2","2","2","1","1","1","3"
"dsntjocm","2","2","4","5","3","1","1","3","1","2","2","2","4","1","4","4"
"loyfbqrn","1","2","1","1","1","1 ","3"," 2","1","2","2","2"," 1 ","1","1","4"
"wmyzualo","3","3","1","1","1","2","1","2","3","3","1","2","1","1","4","1"
"gcxlkwra","1","5","4","1"," 3","1","3","4","1","2","2","2","1","4","1","3"
"qbnskwcz","2","1","4","1","3","1","3","1","1","2","2","3 ","1","1","2","2"
"xmuhvlra","2","3","3","4","1","1 ","3","4"," 1","2","3","3","4","5","4","5"
"remfiowv","2","2","5","4","3","1"," 3","4","1","2","2 ","5","3","1","2","5"
"tnedghfy","5","5","5","2","3","2","4","4","3"," 4","5","5","4","5","3","5 "
"wbxchfyu","2","2","4","2 ","3","2","3","2","5","5","2","2","3","4","1","1"
"jdoeprlz","2","2 ","3","1","3","1","2","4 ","3","3","3","3"," 3","4","2","1"
"zckolaxw","5","3","4","2 ","4","1","5 ","4","1","3","2","5"," 3 ","4","3","5"
"rbhpvxzy","1","1","1","1","1"," 1"," 1","2","1","1","1","1","1","1","1","1"
"xemtgiqz","1","2"," 4","4","3","1"," 1","4","1","2","2","3","1","5","1","5"
"rqlvwbij","2","5 ","5","5","3","5","1","5","5","5","4","2","4","5","4","5"
"fmjyovwx","2"," 1","4","1","1","1","1","1","1","1","1","2","1","1","1","2"
"dnalxtgu","2","2","4","2","3","1","1","2"," 1","1","2","2","3","1","4 ","4"
"omjsdxnh","5","3 ","5","1","4","1","5","5","1","4","3","3","4","1","3","4"
"gzdyxeob","1","1","4","1","3","1"," 1","4","1","1","3","3","1","1","1","4"
"tnyswvpx","1","5","4","2","3","4","2","2","1","2","3","3","4","1","1","1"
"fkxsurcy"," 3"," 2","4","1 ","5","3 ","3","2","1","2","3","2","4","3","3","4"
"ghtpqnwo","2","5","4","4","5 ","3 ","5","5","5","4"," 5","5","5","5","5","5"
"jaeiucsm","5","3","4","4","5","4","5","5","1","4","3 ","2","4","1","1","5"
"tbplmciz","1","1","1","1","3","1","1","4","1","2","1","3","1","1","1","2"
"rqzovmiw","3","1","4","2","5","3","2 ","4","1","3","4","3","4","1","1","1"
"weqvxsua","1","3","1","1","3","1","2","3","1","2","3","1"," 1","1 ","1","1"
"jcvtdfwx","1","2","4","1","2","1","1","2","1","2","1 ","2","2","1","1","2"
"fmvnzawo","1","2","1","1","3","1","1","2","1","2","1","1","1"," 1","1","2"
"rjhfczei","1 ","2","3","1","3","3","5","3","1","3","3","1","4","1","1","4"
"yuwnkisj","1","1","4","2","1","1","3","1","1","2","3","2","3","1","2","1"
"bfexirhl","1","2","4","5","3","2 ","1","3","1"," 3","2","3","1","4","1","4"
"mouhcnxv","1","2"," 4","1","3","1","1","3","1"," 2","3","2","1","3","1","1"
"mehdyija","2","4","5","5","5","5","5","5","5","4","5","5","5","3"," 3","5"
"xpbykieo","3","1","4","4","3","1 ","1","4","1","2","3","2","4","3","1","4"
"pxyalqgc","2","1","4","2","3"," 1","1","2","1","3","3","3","4","1","2","2"
"soirefzq","3","3 ","4","5","5","3","5","5","3","4","4","4","4","1","4","5"
"smfnujlp","1","4","4","2","3","3","3","4","5","4","3","3","4","1","5","5"
"kqbmveid","","","","","","","","","","","","","","","",""
"ekuimxhw","2 ","5","4","4","3","1","3","5","1","2","5","3","3","5 ","1","5"
"rsmeajhn","1","2","4"," 1","3","1","3","1","1 ","2","2","2","1","1","1","4"
"bcfwgqkh","3","3","4","2","4","1","2","4","1","4","2","3","3","3","1","4"
"bghniuac","1","1","1","1","1","1","1","1","1","2","2"," 1"," 1","1","1","1"
"ownifjmx","1","1 ","1","1","3","1","1","1","1","2","3","2","1","1","1","1"
"kdygczao","1","1","1","1","3","1","1","4","1 ","2","3","3","1","1"," 1","2"
"vdebtarf","5","5","5","5","5","4","3","5","5","5","5 ","5","5","4","5","5"
"nmjuwzeo","1","2","4","2","4","1","5","1","5","3","2","2","1","1","4","3 "
"besvpjyc","2","2","4","1","3","1","1","4","1","2","3","3","2","4","2"," 1"
"rclzwpie","3","4","4 ","2","3","2","3","5","3 ","4","5"," 3","3","4"," 5","5"
"wboixgqh","5","2","4","1","3","1","2","4","3","2","2","3","1","1","1","1"
"dfwunyxb","1","1","1","1","3","1","2","2","1","1","2","2","3","1","1","3"
"boqjcmih","2 ","3","1","4","3","2","2","4","1","3","2","2","1","1 ","2","4 "
"cemytdng","2","2","4","1"," 3","1","3","4","1","3","2","3","4","3","1","4"
"hrbfuxsc","2 ","1","4","1","3","3","1","4","1","4","3","2","1","5","1","4"
"dpeanosx","1","2","4","5","3","1","2","4","1","2 ","2","3","1","1","1","4"
"mgvlopyx","2","2","5 ","5","3","5","5","5"," 1","2 ","5","-","4","1","3","4"
"oqjsxrcb","3","2","4","3"," 4","2","2","4","1","2","1","1","4","5","3","5"
"hepbgznd","5","4","4","2"," 4","2","3","4","1","3","3","5 ","4","5","1","4"
"ubcmlyzf","1"," 3","4","2","3","1","2","3","1"," 2"," 2","3","3","1","1","1"
"vypwetsk","2","2","4","5","5","5","5","5","5","3","5 ","2"," 4","5","3 ","5"
"qhvnujow","5","5","4","4","3","5","3"," 4","5","2","2","3 ","2","5","1","2"
"bgstxmiy","3","5","4","2","5","1","3","3","5","2","5 ","3","1","5 ","1","1"
"naokhzvg","2","2","4","5"," 3 ","1","1","4","1","3","4","2","4","5","5","4 "
"yvqcsrzg","2 ","1","4","1","3","1"," 1","3","1","3","1","3","2 ","3","2 ","4"
"kiopzldu","2","1 ","1"," 2","1","1","1"," 1"," 1","2","2","2","1","1","1","1"
"nuvwzcpk","2","1","1 ","1","3","4","5","3","1","2"," 3","2 ","2","3","1","5"
"xmzdkopi"," 2","5","4","1","1","1","1 ","3 ","1","3","2","3","4","1","3","2"
"xbchjlyz","3","1","4","1","3"," 1","2","4 ","1","3","2","3","4","1"," 1","5"
"csigtray","1","2","1","1","3","1","1","1","1","2","1","2","1","1","3","3"
"xdjcbuhl","1","1","1","1","3","1","1","1","1","2","1","1 ","3","1","1","1"
"xwnvedua","3","3","5","5"," 5","5","4","4","1","2","3","4","5","1","4","5"
"zivalpwr"," 3","2","4","1","3","2","3","4","1","3"," 3","2","1","1","1","5"
"yialbqsn","1","2","4","2","2","5","3"," 2","1","3","3","3","4","5","1","5"
"nmwpdxko","1","2","3","1","2","1","1","4","1","1","1","2","5","1","1","1"
"ozpktibm","3","1","4","1","1","1","1","1","1","2","2","2"," 1","1","1","1"
"oruzckql","1 ","4 ","3","1","3","3","5","2","1","3","3","3","1","1","1","5"
"rghmxweu","3","1","4","4","4","1","1","4","4","3","2","2","4","5","1","5"
"swpzlbme","3","5","4","1 ","3"," 1","3","4","5","4","2","3","4","1","1","5"
"zkbsorwf","3","2","5","3","4","4","3 ","4","1","3","3","3","3"," 5","4","2"
"wuxobnlj","1","2","4","1","5","2","1","5","1","1","2 "," 2","1","3","1","4"
"gcwitlqk","1","2","5","1","5","5","3","4"," 1","3","2","3","4","3","1","4"
"xfzraymq","2","3","1","4","3","3"," 3","4","1","2","3","2","2","1","2","3"
"meayxldb","3","2","5","1","2","1","1 ","3","1","2","2","3","4","1","4","5"
"gshawcyd","3","2"," 4","5","5"," 1","4"," 4","1","2","1","3","4","1","1","5"
"znfytksb"," 1","1","4","1","2","1","1","2","1","2","2","2","1","1","1","1"
"zlxevtnd","1","1","4"," 1","1","1","1","2","1","2","2","2","1","1","1","3"
"atvnxhog","1","2","1","1","1","2","3","5","1","3","2","2","1","1","1","2"
"kspiqnxg","1","3","1 ","1","3","1","1","2","5","3","1","2","1","1","1","3"
"rlmqzvow","2","2","4","1","4","2","3","1","1","2","4","2","1","1","3","4"
"lipogfxb","1","1","1","1","1","1","1","1","1","2","1","1","1","1","1","1 "
"aklxyozb","5","5","5 ","2","1","5","2","2","1","2","2","3","3","1"," 1","5"
"ngsciexj","1","1","1","1","1","1","1","1","1","2","1","3","1","3","1","1"
"ojghwusy","2","1","4 ","4","1","1","1","2","1","2","1","2","4","1","1","1"
"tjasoxul","1","1","4","1","3","2","1","1","1 ","1"," 1","2 ","3","1","1","2"
"sdqoagxm","1","1","4","1","1","2","1","2","1","2","1","3","2","1","1 ","1 "
"qnxzycgj","5","5","4","1","4","2","5","1 ","1"," 3","2","3","2","5","2","5"
"locgbknr","3","1","3","5","3","2","2","2","1","3","3","3 ","1","3","1","4"
"rgjzxsin","3","4","4","4","5","2","3","2","1","4","2","3","1","1","1"," 5"
"ctleprhy","3","1"," 1","4","3","1","5","5","1","4","4","5","2","5","5","5"
"mokfvgie","2","2"," 4","1","3","1"," 2","2","1 ","3","2","2","2","1","1","4"
"nsbjcfka","1 ","1","1","1","2","1","1","1"," 1","2","1","2","1"," 1","1","1"
"npakutcj","1","3","3","2","4","1","3","4","5","4","1","3","5","1","1","4"
"narvwxhu","2","1","3","1","3","1","2 ","2","1 ","2","1","2","1 ","1","1","2"
"bvqztlcf","2","3","5","5","3"," 5","1","5","1","4","4","3","4","1","4"," 5"
"shcwjvku","1"," 2","1","1","1","1","3","1","1","2","1","3","1","1","1","1"
"etpkngud","2","5"," 4 "," 4","5","2","1","4","1","2","3","3","4","1","5","4"
"ngqiswob","1","1","1","1","1","1","2 "," 4","1","1","1","2","1","1","1","2"
"lhuqybko","1","3","1","1","2","1","2","1","1","3","3","2","1","1","1","1"
"nbzplvmx","3"," 1","3","2","3","1","2","4","1","2","2 ","5","2","1"," 2"," 4"
"uaevptmh","1","5","4","4","5","3","-","2","5","3","5","3","5","4","4","1"
"qdjlwbyc","2","2","4 ","1"," 2","1","3","3","1","3","2","3","4","1","1","4"
"zykbqhic","2","3","4","2","4","5","3","5","4","2","4","3","3","3","1","4"
"cowiekud"," 1","2","4"," 2","5","3","1","2","1","2","2","2","1","3","1","1"
"luxpgmqc","1","3"," 5"," 1","3","1","3 ","4","3","2","2","3","1","1","1","5"
"peoixgvy","1","1","1","1","2","1","1","1","1","1","1","2","1","1","1","1"
"thmwnulc","4","3","4","4","3","3","2","1","1","2","2","3","1","3","2","1"
"dlahnziv","1","5","1","1 ","4","1","3","4","1","2","5","2"," 4","5","1","5"
"eqlciwjb","5","2","1","4","5","1","","2","1","2","2","3","3","5","3","4"
"lgzvqmho","5","2","4","1","4","2","3","4","3","2"," 3","3","3","1","1","2"
"onpfgkde","2"," 1","5","1","2","1","2","3","1","2 ","3","3"," 1","5","1","1"
"datbfxpo","2","5","4","2","5","1 ","3","3","1","4","2","4","1","3","4","4 "
"edaxscbw"," 3","2","5","2","3","1","2","4","3","2","5","3","4","4 ","4","3"
"zjecouqv","1","1"," 4","1","1","1","1","1","1","2","1"," 2","1","1","1","1"
"vwgkxqyb","1","1","4","1","3","1 "," 1","2 ","1","2","1","3","1","1","1","2"
"tieyqckm","1"," 2","4","4","4","1","1 "," 4","3","2","2","2","4","4","1","4"
"trglzqji","3","5"," 4","1","3","1","1","1","1","3","1","3","1","3","1","1"
"xvpdhocw","5"," 5","5","1","3","2","4","3","1","4","3","2","1","5","2","5"
"bpnotwmx","2","1"," 3","1","1","1","1","1 ","1","2","1","1","1"," 1"," 1 ","2"
"ouvdmijh","1","2","1","1","1","2","2","2","1"," 3","1","3","4","5","1","3"
"mxqbuchp","2","5","4"," 4","4","4","3","5","1","3","5","2","4","4","3","4"
"bzeyrgoc","3","4","4","5","5","1","2","4","1","3","3","3","2","1","5","4"
"mnyrelzd","5","4","5","5","5","3"," 3"," 3","1","3","3","5","4","5","5","5 "
"kagwycst","2","2","4","1","3","1","3","4","1","2","2","3","3"," 1"," 1","4"
"onwplgtv","3","5","5 ","4","3","5","3","4","5","4","5","5","4","5","3","4"
"gchpyuxz","3","5","4","2 ","5","1","5","4","1","5","4","5","5","5","4","5"
"rvzgfhkp","1","2","4","2 ","4"," 1","5","2","1","4","2","2","2","1","3","4"
"komjviux","5","5","4","2","5","5","3","4","5","4","3","3","4","4","1","5"
"romnvxul","2","3","1","1","4","5","3","5","1","-","2","3","1","1","3","1"
"bojsnzla","4","5","5","5","3","4","3","2","5","3","5","5","4","3","1","5"
"ayovczsj","3","3","4","1","3","1","3","4","1","2","3","4","4","1","2","2"
"vzmkpnja","1","2","4","1","3","1","1","2","1","2","1","2","4","1","1","2"
"wmrlabkv","4","2","4 ","5","3","1","5","4","1","2"," 2","3","2 ","5","5","5 "
"rgavioyd","3","4","5","4","3"," 4"," 3","4 ","1","2","2","3","4","1","5","5"
"ziquvdtj","2","4"," 5","4","3 ","3 ","1 ","3","1","2","5","3","1 ","5","4","5"
"rtpdcuqh","2","1","4","1","5","1","2","2","1","1 ","3","3","2","3","1","4"
"fvxdnqsh","5","5 ","4","4","4","1","3","4","5","5","5","3","1","4"," 1","4"
"pxbmvtnc","3","1","4 ","4","3","1 ","1","5","1","3","-","1 ","2","4","3","5"
"zekmfhao","1","1","1","1","3","1","1","1","1","2","2","1","3","1","1","1"
"mldpuixc","5","2","5","5","5","5","4","3","5","3","4","3","5","1"," 5","5"
"ivqmgaeh","1","1","4","1","2","3","1","1","1","2","1","3","1","4","1","4"
"amvpnlro","1","1","4","1","3","2","1"," 3","1","2","3","2","4","2","1","4"
"bmsyglzt","5","1","5","2","4","4","2","3","1","3","2","3","3","1","1","4"
"iojdfyng"," 2","2","4","2","3","2","1","5","5","3","3","2","3","5"," 1","4"
"knsygcaw","1","1","1","1","1","1 ","1","1","1","1","1","2","1","1","1","1"
"twxojzny","2","5 ","4","4","3","5","1 ","4","5","4 ","3","5","1","4","1","4 "
"znoawsie","1","2"," 4","1","3","1","5","1","1","2","2","2","3","1 ","2","4"
"auhowtdm","2","4","5","4","4","1","1","5","1","4","2","3","5","1","2","2"
"ryaituln","5","2 ","4","2","5","3","2","3","1","3","2","3","4","5","1","2"
"xhivsydl","3","3","4","2","4","5","3","4","1","2","3","2","5","3","1","5"
"vlexbauc","2","1"," 4"," 1","2","1","2","4","1","3","2","2","1","1","1","4"
"fcorzeys","2","2","4","4","5","3","2","5","5","2","3","3","4","5","5","4"
"zdysilmr","5","5"," 5","5","4","5","3","5","5","5","5","3","4","5","5","5"
"clyesrjq","1 ","1","1","1","1"," 1","1","1","1","2","1"," 1","1","1","1","1"
"rufwbdet","1","1"," 1","1","3","1","1","2","1","2","1","2","2","3","1","4"
"paibsnuy","1","2","4","1","5","3"," 5","4","1","2","4","2","1"," 4","1",""
"itwojqxa","1","3","4","1","3","1","1","4","1","3","2","2","1","1","1","1"
"tasgdlvm","1","1","1","1","1","1","1","1"," 1","1","2 ","2","1","1","1","4"
"jimyuwrl","5","5","4 ","5","3","4","5","5","5","5","3","5","5","1","3","5"
"qropyauh","2","1","4","1","1","1","1","2","1","1","2","1","1","1","2","-"
"gnedtzip","2","1","4","1","1","3","5","3","1","2","2","2","1","5","4","1"
"vslihmgw","2","2","4","2","3","5","5","5","5","2","2","3","4","1 ","2","5"
"eptmawdz"," 5","5","4","-","4","5","5","5","","4","2","5","4","5","5","5"
"ozilubne","1","2","1","1","3","1","1","5","1","3","1","2","2","1","1"," 4"
"epvoixrz","3","3","5","5","5","5"," 3","5","1 ","4 "," 5","3","5","5","4","4"
"nbvxukmq","1"," 2","4","2","3","1","5","3","5","2","5","1 ","3","4"," 1","4"
"scgevdql","2","2","4","1","3","2","3","4","1","3","1","3","4","1","1 ","5"
"lwodxrhu","2","1","4 ","1","1","4"," 1","3","1","1","1"," 1","1 ","1","1","1"
"nfolyzka","4","3","4","5","3","5","3","4","1","2","1","3","3","1","2","2"
"vlmybsik","4","1","5","4","5 ","1","2 ","4","1","2","3","5","5","5","1","5"
"skfcvxpa","1","2","3","1","1","1","1","2","1","1","1","2","1","1","1","1"
"aqlfbyng","1","3","1"," 4","3"," 1","1","4","1","3","2","2","4","1","1","2"
"bjfptknr","1","3","4","1","4","4","3","1","1","4","2","3","3","5","4","1"
"kvybjode","2","2","4","4","5","5","3","4","1"," 2","3 ","2","4","5","3","5"
"lvwyatzf","1","1","1","1"," 1 ","1","1","1","1","1","1","2","1","1","1","1"
"obguplxw","2","1","1","1","1","1","2","4 ","1","2"," 2"," 3","1","1"," 1 ","1"
"ljhdfpyb","1","4","5","5","3","5","5","4","1","4","3","3","4","3","5","5"
"vckgsqmi","1","2","1","1","1","1","1","1","1","2"," 1","2","1","1","1","1"
"hlurnxqa","2","2","4","2","5","1","5","4","5","5","2","4","4 ","5","4","5"
"jxahksnw","2","2","5","2","5","5"," 3"," 2","5","4","3","3 "," 5","4 ","5","4"
"ihqaszdr","2","2","3","1","1 ","1 ","1","1","1"," 2","1","3","2","1","1","4"
"jloyeihg","1","5","4","1","2","1","3","1","1","3","2","3","3","1","3","1"
"qzveofgh","1","1","5","1","3","","1 ","4 ","1","2","1","2","1","1","1","1"
"gyehufsn","1","1","1","1","2","1","1","1","1"," 2 ","2","1","1","1","1","1"
"ptdowaqs","3","3","4","4","3","2","3","3","1","2","1","2","1","1","1","5"
"upodtygj","4","2","4","1","4","5","2","4","1"," 5"," 3","5","1","5","5","4"
"esctjnml","1","1","1","2","3 ","3","1","2","1","4","2","3 ","4","1","1"," 2"
"qxyldtip","1","1","4","1","4","1","2","1","1","1","1","2","1","3","1","4"
"cijbdngm","1","2","4","1","3","5","1","1","1","2","2","1","4","3","1","1"
"ecgntjym","2","3","4"," 1","3","1","3"," 2","5","2","2","3","4","3","4","5"
"bpqzhlgf","2","2","1","1","3","1","1","4","1","3","2","1","1","1","1","1"
"jscanudl","2","1","4","","1","1","1","1","1 ","1","2","1","1","1","1"," 1"
"yvlbxuwk","5","1","4","1","2","2","5","3","1","2","2","3","1","1","3","5"
"ywxsfbhr","5","2 "," 5","2","3","4","5","4","3","2 ","2","3","4","5","3"," 4"
"vrkamseu","1"," 1","4","1","1","5","1","1"," 1","3","2","2"," 1","1","1","2"
"rxctkmzb","3","3","4","1"," 3","1","2","5","1","2","3","3 ","3","3","1","4"
"xglhcqze","3","1","1","1","1","3","2","5","1","3","5","2 ","4"," 1","1","4"
"tmnsuwpg","1","2","5","1","3","1","1","4","1","2","1","2"," 3","1","1","5"
"nwyhobsj","2","3","4","1","5","5","3 ","4","5","5","5","2 ","3","5","3 ","3"
"dehkotcz","2","1","1","1","1","1","1","1","1","1","2","1","1","1","1","1"
"vidyqnrb","5","5","4","5","5"," 5","2","5","5","5","2"," 5","4","1","4","5"
"uiybozmv","1","2","4","1","3"," 1","1","1","1"," 2","2","2","1 ","3","1","1"
"jyowhzpa","1","2","3","1","2 ","1","1","1","1","2","2","2","1","1","1","1"
"pgirtxcm","1","2","1","1","1","1","1","1","1","2","2","3","1","1","4","4"
"mhjebsvo","4 ","3","4","2","3","1 ","5","5","5","3","2"," 3"," 1","5","5","4"
"drsujmle","2","2","1","2","4","3","3","4","1","2","2","2 ","4","1","1","4 "
"umcefobq","1","1","4","1","1","1","1"," 3","1","1","2","2"," 1"," 1","","2 "
"gyjbdthl","1","1","4","2","3","1","1 ","4","1","2","2","3","1","1"," 1","1"
"rckeqztw","5","5","5","5","5","5","5","5","5","5","5","5","5","5 ","2","5"
"jzxvswde","1","2","4","5","4","3","4","4","1","3","1","3","4 ","5","1","4"
"thgrmkbp","3","5","4","1","5","4","3","4 ","1","3","2","5","5","5","3","2"
"krxwgulb","3","3","4","2","5","5","3","4","5","2","3","3","4","1","4","5"
"qehsoiyr","3","3","4","1","3","1","2","4","1","2","3","2","5","1","3","4"
"fpngastz","3","2","4","1","3","1"," 1","1","1","2","2","5","3","3","1","4"
"wqoasgni","2"," 2","5","5","3","1","1","4","1","4","4","3","4","1","1","2"
"qzgxpidf","","2","4","2","3","1","5"," 1","1","2","1","1","4","3","1","4"
"lbiqwsan","5 ","5 ","5","2","5","1","3","4 ","5","4","2 ","3"," 5","1","5","4"
"yptkvsfj","1","2","4","4","1","2","1","4","1","2","3","2","1","1","1"," 2"
"ywvptnru","1","2","5","4","2","2","3","5","1","4","2","4","3","4","1","5"
"bpovkhql","5 ","2","4","1","3 ","2","1","3","1","3","4","2","1"," 1","1","2"
"zuxmcahy","5","5","4","1","3","3","3","5","1","2","3"," 3","3","5","1","4 "
"gxtewojr","5","2","4","4","3"," 5","5 ","5","5","3","3","2","5","1","1"," 5"
"yznlfhmu","3","1","4","5","5","1","3","5"," 1","2","4 ","3","1","3","3 ","5"
"lofujnxm","3","5","5","5","5","5","5","5","1","5","5","5","4"," 5","5"," 5"
"bdquxnew","2","4","1","2","3","5","1","5","1","3","3","3"," 1","1","1","5"
"zmdovcpa","1","1","1","1","1","1"," 1","1","1","3","2"," 3"," 4"," 1","3","2"
"fihteckr","1","2","1","1","1","2"," 1"," 4","1","5","1","2","2","1","1","4 "
"kdqgfwaz","3","2","4","1 ","4","3","1","1","1","2","2","3","1","1","1","1"
"ijxfghmv","5","5","5","5"," 5","5","5","4","5","5","5","5","5","5","5","5"
"sltcegjx","2","1","1","1","4","1","3","3","1","1","2","1"," 1","1","1","2"
"yvtwpkdj","1"," 2","1","1"," 1","1","3 ","1"," 1","1","1","2","1","1","1","4"
"dytifjro","1","1","3 ","1","1","1","1","2","1 ","3","3","2","1","1","1","1"
"aobscikw","5","5","4","5 ","3","3","3","4","5","3"," 2","2","5","1","5","5"
"ityxawbq","1","2","3","1","3","1","1","2","1"," 2","1","2","4","1","1","1"
"fouxmqtn","5","2","1","1","4","5","3","2","2","2","3","3 ","4","5"," 4","1"
"chnpjmru","5","4","4","4","5"," 1","3","5","5","2","3","5","3","5","2","4"
"twjveapb","5","3","5","5","5","3","5","5","1"," 5","3","5","5","5","2","5"
"pxytjmws","2","1","4","1","3","1","1","4","1","2","2","2"," 1","1","1","4"
"voqesmnd","1","2","4","1","3","1","1","4","1","3","5","2","1","1","1 ","2"
"dfrszgpk","3","","4","4","3","1","3","4","3","2","2","3","1","1","1","5"
"isjhemad","5","4","3","2","5","4","3","4","1","3","3","3","3","5","3","2"
"fanktsmh","3","1","4","5","4","1 ","5","4","1","3","2","4","2","1","1","5"
"qwgiylhm","5","2","4","1","3","1 ","1","4","1","3","2","4","1","1","1","3"
"nemdzcgb","2","2"," 1","1","3","1","3","3","1","1","2","2","1","3","1","1"
"calomjpw","1","1","4","1"," 3","1","1","1 ","1","3","1","2","1","1","1","2"
"xbkhdnwq","3","2","3","1","3","1","5","4","1","2","2","3","4","5","2","4"
"pdlvcxuo","5","5","5"," 5","5","5","5","5","5","5","5","5","5","5","5","5"
"mevcbhoj","5 ","4","5","2","5","3","5","5","5","3","5","3","5","4","3"," 4"
"tufowevg","5","2","4 ","5 ","5","5","5","3","1 ","4","3","5","1","4","5","4"
"jusgqilb","3","1","4","1","3","4","3","3","3","2","3","5","1","1","1","5"
"ixtlkozf","1"," 1","4","1"," 3 ","1","1","4 ","1","4 ","1","2","1","","1","1"
"aqtfymnb","4"," 2","4","4","3","2","1","4","1"," 4","2","3","5","4","1","4"
"tgljvyxh","2","1","1"," 1","1","1","1","1","1","1","1","3","1","1","1","2"
"ovcgbziu","5 ","3","4"," 1","3","5","1","5","1","2","4","3","3","1 ","4","5"
"rjyswbgq","","","","","","","","","","","","","","","",""
"mpjovdbz","5","2","5","5","5","4","5","4","1","3","2"," 3"," 5"," 5","4","5 "
"kgyudwan","4","3","4","5 ","5 ","5","5","5","5","4","4","3","5 ","3","1 ","4"
"vkloxzga","2","2 ","4","2","3","3 ","1","3","5","2","2","2","5","1","4","4"
"antvzrmx","5","5","4","1"," 5","4","5","4","5","3","5","3","4","5","5","4 "
"wbkhmezd","1","4","4","2","1","1 ","3","4","1","2","1","2","3 ","1","1","1"
"poiatlvc","4","5","5","2","2 ","1","2","2","5","4","3","4","5","1","5","4"
"gjruvwbi","1","1","1","1","3 ","1"," 2"," 3","1","2 ","2","1","4","1","1","1"
"ouvahkct","2","1 ","4","1","1 ","4","1","2","1","2","1"," 3","1","1","1","1 "
"pxibwzmv","3","5","5","5"," 3 ","5"," 2","4","1","4","2","2","4","3"," 2","4"
"ohigndcx","2","5","4","5","4","5","3","4","5","2","3 ","3","3"," 1","4","5"
"aszncybk","5","4","5","1","1","1","1","3","1"," 4","3","3","4","1","2","4"
"hgrtamop","3","3","5","2 ","3","3","5","5","5 ","3","5","3 ","5","5"," 4","5"
"zvbwamnj","1","2","4","1","3","","1","1","1","","2","2","1","1","1","1"
"kogalynm","1","3","1","1","3","1","1","2 "," 1","2","2","2","4","1","2","1"
"iltajnyh","3","5","5","3","3","5","3","5","","4","5","3","5"," 5","3","5 "
"vimjdnrz","2","2","4","1","5","1","2","4","1","5","3","2","4","1","4","4"
"ipqczgtm","5"," 3","1 ","4","3","2","5","4","5","3 ","2","3"," 5","5","4","5"
"gsmpnboj","1","1","1","1","3","1","1","1","1","1"," 1","2","1","1","1","3"
"elktaqzn","1","1","1","1","1 ","1","1","1","1","2","1","2","1","1","1","1"
"zcsbqovj","5","5","4","1 ","3","1","2","4","5","3","5","3","5","1","3","4"
"xhmalegz","2","1","4","1 ","1","1","1","2","1","2","3","2","1","1","1","4"
"koyelwfx","1"," 1","1","4","3","1","1","2","1","3","1","3","1","1","1","3 "
"lvobshje","3","3","4","2","3","2"," 5","5","5","4","2","3","5","1","3","5"
"acmtspru","2","2","4","1","3","1","2","2","1"," 3 ","2","3","3","3","1","4"
"vwkpsjya","3","1","4","5","3","2","1","3","1","4","2","2"," 5","5","1","3"
"zdiwjflu","2","2","4","1","1","1","1","2","3","2","2","2","1 ","1","1"," 5"
"ugmrvidp","1","2 ","1","5","3","1","1","1","1","2","2","3","3","1","1","1"
"uskcdbtz","1","1","4","1 ","3","1","1","1","1","2","1","3","1","1","1 ","1"
"ocnhybgp","1","2","3","1","4","1","1","4","1","2","2"," 2","3","1 "," 1","2"
"xeqbclzu","1","2","4","2","2","3","3","4","1","2","2","2","1","1","1","5"
"ohutrsib","2","2","4","5","5","4","3 ","3","5","4","3","2","4","3","5","1"
"psbjrlxy","2","1","4","1","3","3","3","4","1","2","2","2","","1","1","2"
"bmneqogh","3 ","1","4","1","4","1","3","4","1 ","2","2","3","2","3 ","3","4"
"ubxsamfk","5","5","5","4","3 ","5","","5","5","4","3","3","5","5","2","4"
"goknyard","1","2","5","2","2","1 ","3","1","1","3","3","3","4","1","1","4"
"bzsqdnvp","2","2","1","1","3","3","1","1","1","2","1","2","1","1","1","2"
"zwriucha","3","5","4","1","5","5","5","4","4","3","3","3","5","4","4","5"
"mbjxfdyt","","","","","","","","","","","","","","","",""
"fwecvzja","1","3","4","2","1","1","3","4","1","2","1","2","2","1","1","4"
"edjqbxua","2","2","4","2","3","5","4","4","1","3","2","2","1","1","4","4"
"ounfksgc","5","1 ","4","5","5","3","3"," 5","1","4","5","3","4","3","3","5"
"nufjqkyi","1 ","3","4","1","1","1","1","4","1","2","2","3","4","1","1","4"
"cgwhkixb","1","2","4","2","3","1","1","1","1","3","2 ","2"," 1 ","1","1","2"
"ihmjxpsg","3","3","4"," 1","3","1","1","3","1","2","1","1","3","1","1","5 "
"gpsnkyih","1","1","1","1","3","1"," 1"," 1","1 ","2","1","3","3","1","1","1"
"rluwoink","2","1","4","1","3 ","1","3","1","1","3","3","3","4","1","1 ","2"
"dnectoiy","1","4 ","1","2"," 2","5","1","4","1","2","2","3","3","1","1","2"
"czbtuqnl","5","5","5","5"," 5","5","5","5","5","4","5 ","5","4","5","5","5 "
"srelfkha","5","5","4","1","5","-","2","1","1","3","3","3","1","1","2 ","2"
"dqlrebvc","1","2","4","5","1","1","5","4","1","2","3","","1","1","1","2"
"pxnkcjgz","5","5","5","5","5","5","5","4"," 5","4","5","5","5","5","5","5"
"vjcpfuyl","1 ","1","4","2","2","1","2","2","1"," 2","2","3 ","1","1","1","4"
"ohfkesnd","2","3","5","5","5","5","5","4","-","3","2","3","5","3","3","4 "
"smvnicjz","5","5","-"," 1","3","2","3","2","1","4","4","5"," 3","5","4","4"
"vsmdzten","4","5","5","4","5","3","5","5","1","5","5","3","5","5","3","5"
"afuiotch","5","5","5","5","5","5","5","5","5","4","4","5","5"," 5","2"," 5"
"estlwygb","2","2","1","1"," 1","1","3","4","1","2","1","2","3","1","1","1"
"yhpmbwgi","1","1","3","1","1","1","3","1","1","2","2","2","3","1","1","1"
"zebmashc","2","5","4","1","4","1","2","4 ","5","2","2","3","2","3","2","5"
"biuzcxnd","5","5","5","5","3 ","5","5","5","1","5"," 5","3","1 ","3","1","4 "
"jungvxac","1","2","4","2","3","4","4","3","1","4 "," 5 ","2","1","5","1","5"
"hlpmxatu","4","3","5","4","5","5","3","5","5","5","5","5 ","5","3","5","5"
"voiatryq","3","2","5","2 ","3","1","4"," 3","5","5","1 ","2","5","5","1","2"
"itlouvpm","3","2","4"," 4","4","5","3","4","1 ","4","5","5","5","5","4","5"
"uqoxkbcr","1","5","4","5","4","2","1"," 4","1","3","2 ","5","2","5","1","5"
"kquzsrxc","5","1"," 4","2","3","4","2","4","5","2","5","3","1","5","5"," 4"
"cgrlixnt","1","1","1","2","1","1","1","1","1","2","3","3","1","1","2","4"
"lghvnwuy","1","1","4","1","2","1","3","4","1","3","1","2","3","4","1"," 1"
"qwbzgsft","1","2","4 ","1","1","1"," 1","2","1","2","4 ","2","1","1"," 1"," 2"
"uisfavjb","2","3","5","2","4","5","3","5","5","4","3","3"," 1","5","3"," 5"
"orsdkjza","3","3","5","3","4","3 "," 2","5","3","3","3","5","4","3","4","2"
"rwejgxzv","2","5","5","2","5","1","4","4"," 1","2","2","3","4","4","1","4"
"nfirqzea","2","4","5","2","4","5","4","5","5","3","2","5","5 ","5","1","3"
"ldyohxvz","3","4","4","4","3","5","5"," 4","1","","2","3","4","3","1","5"
"aczslfmy","3","4","5","5","4","5","5","3","5","3","3","5","5","5","3"," 5"
"ajrmwvfl","1","2","1","4","3","1","2","3","1","3","2"," 3","4 ","5","1","5"
"xigfncok","1","3","4","1","3","1","1","1","1","2","1","2","2 ","3","1","3"
"ckwhsyeu","3","2","4","5","4","5","1","4","1","3","2","3","4","5","4","5"
"soyigjlp","1","1 ","4","4","5","5","2","4","1","5","3","3","5","1","3","4"
"qpmwdyvh","5","5 ","5","4","5","5","3","5","5","5","5 ","5","4"," 5","3","4"
"amoynpdq","1","1","1","2","3","1","1","1","1","2","2","2","1","1","3","1"
"ivhtzjap","1","1","1","1"," 3","1","1","2","1","2","1","2","1","1","1","1"
"mouhfcqt","5"," 2","4","5 ","3 ","3","5","3","1","3","2","2","1","4 ","1"," 4"
"qyextihm","1","1","4","2","1","1","2","2","1"," 3","1","3"," 1","1","1","4"
"zegorxid","3","2","5","5","4","2","3 ","5","3","2","1","5","4","5","1","5"
"pqrskxnc","3","5","5","5","5","3","5","4","5"," 4"," 3","5","4","5","4","5"
"lbghprew","1","1","1","1","3","1","1","4","1","1","3","2","1","1","1","1"
"mkcgospr","2","3","4","5","","5","3","4","3","2","3","3","5","3","5"," 5"
"qlcinyzr","3","3","4 ","4","1","3","3","4","1 ","4","1","2","3","4","4","4"
"vhrwgkyx","1","1","1","1","1","1","1","1","1","2","1","1","2","1","1","1"
"djokxghe","5","4","5","5","5"," 5","5","4","5","5","5","3","5","5","4","5"
"tzkuabif","3","2","5","5","5","2","2","3","1","2","3","3","4","4","4","5"
"txjzslen","5","5 ","5","5","5","4","4 ","5","5","5","3","4","4","5","5","5"
"fugebzix","-","1","1","2","3","1","1","2","1","2","3","3","1","1","2","1"
"mlfcwjye","5","4","5","5","4","5","5","5","5","3","3","5","5 ","5","5","5"
"jrqzande","2","1"," 1 ","1","1","1","1","1","1","2","2","2","1","1","1","1"
"ekowrtdi","1","2","4","1","2","1","1","1","1","2","2","4","1","1","1","1"
"bliznodg","1","1","1","1","1","1","1","2"," 1","1 ","1","1","1 ","1","1"," 1"
"ycbvihzn","1","1","1","1","1","3","1","1 ","1","3"," 1","2","1","1","1"," 1"
"mkvbtqfd","2","2","1","5","4","1","1","1","1","4","3","3","3","1","1","2"
"wfzxilst","1","5","4","2","4","3","3","4","1","3"," 4","3","5","5","5"," 5"
"uapqrbis","1","2","4","5","3","1","2","2","1","4","3","3","3","5","2","5"
"amhotkrw","3","5","5","1","5","5 ","5","2","1","3","2","5","4","4","1","4"
"jvldngth","2","2","4","3","3","1"," 5","3","1","3","3","2","4","4","4","4"
"ulsjogna","2","4","4","1","3","2","2","4","1","2","1","2","1","1","1","5"
"jywrbnox","2","3","4 ","1"," 1","1","2","4 ","1","2","2","1","1","1 ","1 ","1"
"bgtexkdi","5","4","4","1","4","2","3","1","5"," 3","4","4","5","5","1","5"
"wkzjhcsg","5","5","5","5","5","4","5","5","1","3","3","5","5 ","5","5 ","5"
"oduztkwi","2 ","2","4","2","1","2","3","1","1","3","2","3","3","3","1","1"
"bnkxzvmo","2","3","4","1","5","4","2","5","1","2","1","3","4","5","3","5"
"uhxbnqlg","3","2","5","1","3","3","3","4","5","3","3","4","4 ","4","3","5"
"nmbopqzh","2","2","1","1 ","1","1","1","2","1","2","1","2","1","1","1","1"
"rsualmhk","5","3","4","2","3","3","2","3","1","3","2"," 2","3","3","5","5"
"eglzbujs","1"," 1","1","2","1","1","1","2","1","2","2"," 2","1","1","1","1"
"jkafmxho","1","1","4","1","3","3","2","2","1","1","1","5","5","4","1","4"
"faolhzxc","2","1","4","1","3","2","1","4","1","2","2","2","5","3","1","4"
"qhutynsr","5","2","5","5","5","5","5","5","5","3","5","4","1","5","5","5"
"bwrupaks","2","3","4","2","2","3","3","1","3","2","2","2","4","1","1","4"
"djglupeb","1","1","1","1","1"," 1","1 ","1","1","2","1","1","1","1","1","1"
"cmpodwix"," 1","1","1","1","3","1","1","2","1 ","2","3","2 ","1","1","1","1"
"jxspvmtf","3","2","4","5","5","1","5","4","5","3","3","4","5","5","3","5"
"ufdlowec","1","1","1","2","1 ","1","1","1","1","2 ","1","1","1","1"," 1","1"
"okfutmhg","1","2","4","1","1","1","1","1","1","2","3","2","1","1","1","1"
"pvhysfam","3","5","4"," 2","5","5","1 ","5","1","3","2"," 3","4","1 ","4","5"
"gnzaekpu","1","4 ","4","1","3","1","3","4","1","2","3","2","3","3","1","4"
"vumltfyi","1","5","4","4","4","4","1","5"," 1","2","2","2","2","1","1","5"
"vrbcyjpd","1","3","1","2","2 ","1","1","1","1","2","2","2","1","1","1"," 2"
"ixtaqzcd","5 ","5","4","5"," 5","1","5","4","5","4","5"," 3","4","4","5","4"
"iynwqcuz","1","1"," 4","1","3","1","1","4","1","2","2","1 ","1","1 ","1 ","5"
"tmphxdkn","5","5","5","4","5","3","3","5"," 5","3"," 2","2 ","5","4","4","4"
"bgjievmn","5","2","4","1","5","3","5","4","1","3","5","3","4","5","3","5"
"npmvkjer","5","5","4","4","4","5","3","4 ","3","4","5","3","4","1","3","4"
"hudswcnj","1","2","1","2","3","1","1","2","1","2","2"," 2","1","1","2","1"
"pzkitaev","3","5","3","2"," 5","3 ","2","4","5","4","5","3","5","1","4","4"
"mquwkzdo","1","1","4","1","1","1","1","2","1","2","2","2","1","1","1 ","4"
"jrwqgnut"," 2","2","4","1","4"," 1","3","5","1 ","2","3","2"," 4","3","2","4"
"zgfkqbln","2","2","5","5","3","5","2","4"," 1","3","2","5","4","4","1","5"
"jhpmntqd","5","3","5","5"," 3","3","3","5 ","3","5","2","5","4","1","5","4"
"lpgfxina","2","1","1","1","1"," 1","2","1","1","2","2","2","1","1","1","2"
"yvxstlid","3","1","4","1"," 3","2","2","4","1 ","3","2","3","5","1","1","1"
"dnkuhbmt","5","5","5","5","3","4","4","4","5","3","3","5","1"," 1","3","4"
"knhbadjf","5","5","5","2","4"," 5","3","5","4","2","3","5","4","3","3","5"
"bzcakpwt","5"," 2","4","2","3","5","3","4","1","3","2","5 ","4","1","2","5"
"ufxalnyz","2","1","4","2","3","5","1","1","1","2","2","3","3","1"," 1","2"
"wdbjalei","1","3","4","4","3","1","3","1","1 ","1","3 ","3","1","1","1","4"
"lparfkoh","5","5","4","5"," 5"," 4"," 5","4","1","5","2","3","3","5","4","5"
"ujyvcexb","2","5","5","5","5","5","5","5","5","4","5"," 5","5","1","3","5"
"quptkfir","1","1","1"," 2","2","1","1","2","1","3","2","1","1","1","2"," 1"
"btnlqewk","2","4"," 4","2","3","1","3","3","1","2","2","3","1","3","2","5"
"dcaosvlu","2","2","4","1","5","4","5","1","1 ","2","3","3","2","5","1","4 "
"inbltuag","1","2","3","1","2","1 ","3","1","1","1","2","2","3","1 ","4","2"
"ugtivckn","5","5","5"," 5","5","3","5","5","1 ","4","4","3","5","1 ","1","5"
"grdevkjx","5","5","4","4","5","4","3","5","1","3","3","3","4","3","5","5"
"tnprxoig","5"," 2","4 ","5","5"," 2 ","5","5","1","3","2","4","2","1","1 ","4"
"emtwlzyk"," 2","3","3","5","3","3"," 2","1","1","2","1","3","4","1","3","4"
"dmvkiyzt","2","1","1","1","3","1","3","2","1"," 2","2","2","1","3","3","5"
"erhsmnlk","2","1","1"," 1","1","1","1","3","1","3","2","1","1","1","1","1"
"ybjqtohk","1","1","4","1","2","1","1","1","1","2","1","2","1","-","1","1"
"qzemsywg","5","5","5","4","5","5","5","5","5","5","5 ","5","5","5","5","5"
"porucvis","2","1","1","2","4","1 ","3","3","1","3","2"," 2","1","4","1","1"
"xnaokhuq","1"," 2","1","1","2","1","1","1","1","2","2","2","1","1","1","5"
"chdbxqga","2","2","5 "," 4","3"," 3 ","5","5","1","3","5","4","2 ","5","4","4"
"xycjztwh","3"," 5","5","5","5","5","2","5","5","2","2","2","4","5","3","5"
"oqsiwkzx","1","1","4","1","2","1","2","3","1","2","2","3","1","1 ","1","1"
"grbwtkam","1","1","1","2 ","1","1","1","1","1","2","2","2 "," 1","1","1","1"
"cyrnzhpe","2","2","4","1","1","2","1","2","1","2","1","3","1","1","1","1"
"crwamhjp","2","2","3","4","3","1","2","2"," 1","2","2 ","2","1","1","1","1"
"cjqurely","1","3","4","4","4","1","3","3","1","2","3","2","1","1","1","1"
"kxrhqpud","5","2","5","2","2","2 ","2","4","1","4"," 2","3","1","1","1","5"
"ideosbth","2","3","4","1","4","1","3","1","1","2","2","1","1","1","1","2"
"zcremqjb","2","5","4","5","3 "," 1"," 5","4","1","5","3","3","1","1","1","5"
"kwmixyhc"," 1","2","3","1 "," 3","4","3","1","1","2","1","3","1","1","1","5"
"fnrkimzg","5","2","5","2","4 ","4","2","4","1","2","3","3","4","5","1","5"
"ypjitgqx","1"," 1","4","1","3","1","3","4","1","4","3","3","2","1","1","2"
"hoqjxanw","3","2","5","1","3"," 4","1","5 ","5","3","2","3","4","3"," 1","5"
"qwabtvym","2 ","2","1","2","3","1","2","4","1","3 ","3","2","1","1","1","4"
"kslimuvd","1","2","4","2","3","3","3","1 ","3 ","2","","3","3","5","1","4"
"vxqzrlgf","5","5","4","2","3","2","3","5","1","5 ","4","5","5","1","2","5"
"epotynvl","5","5","4 ","5","4","5","1 ","5","1","3","5","3","4","5","1","4"
"nbkiwvmr","3","2"," 3","1","1","1 ","1","1","1","2","1","1","1","1","1","1"
"zewlpivh","1 ","2","5","1","1","5","2","3","1","2","2","3","5","3","3","4"
"vneagpfw","3","2","1","1","3","2","1","2","1","2","2","2","1 ","1 ","1","5"
"lpseayig","1","2","4"," 1","5","2","2","2","1","2","","5","3","3","1","5"
"nhtadzoy","3","3","4","5","4","5","5","5","1","5","2","4","4","3","5","5"
"lwmukzoy","1","2","1","2","3","1","5","4","1","2","2","2","1","1","1","1"
"razqjole","2","1","4","4","3","1","1","1","1","2","1","3","4","1 "," 1","1"
"amfpujkn"," 1","1","1","1","1","1","1","1","1"," 2"," 1 ","1","1","","1","3"
"zicfvgaj","5","2","4","5","4","1","5 ","4","4","3","3","5","2","5","5","5"
"ajehfurq","1","2","1","1","3","1","1 ","5","1","2","1","2","1","5","1","1"
"rqmajies","3","2","4","5","3","1","2","5","1","2","1","2","5","3","1","4"
"byqtzpos","1","1","1","1","3"," 5","2"," 2","1","2","2 ","3","1","3","1","1"
"eaytjlfi","5","3","4","4","5","5","5","5"," 1","2","3","3","4","3","3","4"
"xahktjsg","1","1","1","1","3","1","2","1","1","2","3"," 3","2 ","1","3","1"
"tnusgclw","2","5","5","1","5","4","2","2","1","5","5","4","5","5","4","5"
"uwrfevjq","1","2","4","1","3","1","2","1 ","1","2","2 ","1","1","1","1","1"
"qgluakyt","3","1","1","1","1","1","1","3","1","1","2","2","3","1","1 ","1"
"mybcdhui","2","-","4","2","3","1","2","1","1","2","3","3","4","3","3","1"
"salzegvr","2","2","4","1","3","4","3","4","1","3","3","3","1"," 5","5","5"
"pgrxmjwi","1"," 2","1","2","1","1","1","2","1","2","2 ","2","4","1","1","1"
"qupwtdka","1","1","4","5","3","1","1"," 2","1","4","2","2","1","1","1","4"
"yqfcdzgh","5","2"," 4","1","4","3","2","4","1","2","3","5","1"," 5","3","4"
"dzoimbvp","1","1","1"," 1","1","1","1","1","1","2","2","1","1","1","1","1"
"iahlpkdo","2","1"," 5","1","3","4","3","5","1","2 ","2","2"," 2","5","1","5"
"tivxpkof","2","2","1"," 1","1","4","1","3","1","2","1","1"," 1","1","1","1"
"iksnthom","1"," 2","4","2","3","1","1","4","1","2","2","2","1","5","1","1"
"hnixymgq","1 ","3","3","1","3","1","1","2 ","1","2","2","2 ","1","1","1","1"
"doxpsima","1","2","1","5","3","2","2","1","1","2","2"," 2","4","4","4","2"
"eizomnul","2","2","4","1","3","4","2","4"," 1","2","4","3","1","1","1","5"
"uekypida","3","5","5","5","3","3","5","5","1","5","3","3","4","5","4","5"
"dvqacngw","5","2","4","4","3","2","4","4","1","4","3 ","3","3","5","5","5"
"mpylxtkj","5","5","4","1","3","1","5","3","1","2","4","3","4","1","1","4"
"hztfgjui","1","3",""," 2","5"," 3","1","2","5","2","2","2","1","1","1","5"
"ujkfqmch","2","1","4","1","1","1","1","-","1","2","2","2","4","1","1","4"
"gncpyetj","5","4","5","5 ","3","5","1","4","5","4","3","3","4","4","3","4"
"mrzsuoae","2","1","4","1"," 1 ","1","1","1","1","2","1","2","1","1","1","3"
"ohabqfvw"," 1","1","1","1","3 ","1","1","1","1","2","2","3","1","1 ","1","1"
"xbiyfwoq","3 ","1","4","1","1","1","1","2","1","2","1","2","1","1","1","5"
"mtyexzqs","1","2","1","2","5","5","1","2","1","2","2","2","1","3","2","5"
"pdnmxcor","1","2","4 "," 1","2","1","3","1","1","2","2 ","2"," 1","1","1","2"
"ohlqndyr","1","1","1"," 2","1","1","1","3"," 1","2","2","2","1","1","1","4 "
"ameykgtr","1","1","1","1","1","1","1","1","1","2","2","2","1","1","1","4"
"sygluftz","5","3 ","5","4","4","5","2","4","1"," 3","5","3","2","1","1","5 "
"zakglmti","2","1 ","1","1","1","1","1","1","1 ","2","1","1","1","1","1","1"
"vidsqcxy","5","2","5","1","5","5","2","4","5"," 3","4","5","5","5","1","4"
"kfxtzasj","5","","4","2"," 4","4","3","4","1","4","5","5","3","5","4","5"
"lfdtusbq","5","5","1","2","3","4","1","4","1","3","5","3","3","1","5","4"
"iyzxdsga","2","5 ","5","4","5","5","5","4","5","5","5","4","4","3","5","5"
"nyusoleq","2","3","1","1","4","1","3","4","1","3","2","3","4","1","1","4"
"nqhfswmj","1","1","1","2 ","3","2","2","3","1","4","2","2 ","1","1","3","3"
"gnjplhed","1","2","4","1","3","1","3","1","1","2","1"," 2","4","1","1","4"
"dkfonmrt","2","1","5","2","5","1","2","4","1","3","4","2","1","1","1","4"
"xomeiyaw","2","5","5","2","5","4","5","5","5","5","3","3","5","1","4","5"
"wpncdhzg","2","3","1","1","3","3","1","1","1","2","2","3","1","1","1","4"
"zapxnvju","4","5","5","5","4","4","5","3","5","4","5","5","4","5"," 5","5"
"jntrzuiv","1","5","4","4","3","1","1","2","1","2","2","2","4","1","1 ","5"
"fwphrqgu","3","5"," 4","5","4","3","3","3","5","3","3","3","1","5","1","2"
"vzpfcuqd","2","2","1","2","3","1","1","4","1","2","1","2 ","1","1","1","1"
"knzdebsg","5","3","4","5","5 ","5","3","4","1 ","5","3","3","4","1","1","3"
"bdwyklqf"," 5","3","4","4","3","5","3","5","5","4","4","2","4","3","5","2"
"vokyubfp","1","3","1","1","3","1","3","1","1","2","2","3","5","1"," 1","4"
"vhaowirj","1","2","4","5","3","1","3","2","1","2","5"," 2","1"," 1","1","4"
"fdaixneo","1","4","4","2 ","4","1","1","4","1","2","2","3","1","1","1","4"
"zghmbqit","5","1","5","5","5 ","5","5","4","5","5","3","3","5","4","4"," 4"
"jfsmptah","2","2","1","1","1","1","1","1","1","2","2","1","2","1","1","2"
"ghutpsre","1","2","4","4","3","5","1","4","3","2","3","3","4","3","3","1"
"ckgaytnb"," 1"," 2","3","1","1","1","1","2","1","1","1"," 2","2","1","1","1"
"guwdqkfv","5","5","4","4","3","5","5","2","1","4","3","3 ","5","3","3","4"
"omtgcxbf"," 1","1","1","1","3 ","1","1","1","1","1","2","1","4","1","1 ","1 "
"psxlzjyv","5"," 4","5","2","3","1","5","5","1 ","3","5","4","4","5","4","5"
"wmvneqli","","","","","","","","","","","","","","","",""
"gsfhmwrl","1","1","1","1","3","2","2","1"," 1"," 2","2","3","1","1","1","3"
"xdeockru","5 ","5","5"," 5","3","5","5","4","3","3","5","5","5","5","4","4 "
"wnuaflks","3","1","4","2"," 3","4","1","1","1","3","2","2","1","5","1","4"
"qkamxipd"," 2 ","5","4","4","3 ","1","1","1","1","2","2","3","1","4","3","4"
"nplwtdoe","1","2","1","1 ","3","2","1"," 2 ","1","1","2","2","1","1","1","1"
"qznejvgc","1","1","1","1","2","1","1","3","1","2","1","2","1","1","1 ","1"
"lnytiohf","5","3","5","4","5","5","5","5","5","3","4","3","4","5 ","1","5"
"ubenolai","1","2","4","1","3","1","1","1","1","2","2","1","3","1","1","1"
"gidmfqkp","2","1","1","1","3","2","2","2 ","1","2","3","2 ","4","4","1","1"
"xsrufypg","4","3","4 ","4","3","1","3","2","1","3","2","2","3","1","5","5"
"hgxtnqde","2","2","4","2","3","1","3","4","3","2","3","3","3","5","1","5"
"cpbilqza","3","2","4","1 ","3","1","2","1"," 1","1"," 3","2","1","1","1","1"
"ysjoazvr","1","5 ","4","4","3","4","3","5","1","2","2","2","5","4","3","5"
"ecqutzxs","5","5","4","2","1","1","1","3","1","3"," 3 ","3","2"," 3","1","4"
"yqosiher","2","4","4","2","5","5","2","3 ","1","3","3","3","4","5","3","5"
"dluzacfo","1","2 ","1","1","1","1","1","2","1 ","2 ","2","2","1","1","1","3"
"wuxtlyoq","2","5","4","4","3","1","2","1","1","3","2","2","3","1","3","4"
"xiupjkhf","2","4"," 4","1","3","5","3","","1","3","4","2","5","5","4","4"
"mulobxpr","1","1","1","1","1","1","1","1","1","1","1","1","1","1","1 "," 1"
"cqpiogsz"," 3","2","1","2","1","1","1","4","1","2","1","2","1","3","1","1"
"zunftqgi","1 ","5","5","4","3","5","2","5"," 5","3 ","3","3","4","5","3","5"
"cukthrgi","2","2","4","2","5","3","1","5","1","3","2","3","4","5","3","3"
"jstlrcfd","1","3","4","4","3","4","1","4"," 1","3","1","2","4","1 ","1","2"
"phelgywq","5","4","5 ","3","4"," 1","3","4","1","4","4","3","1","1 ","2","2"
"tvkfeczi","1","1","4","1","1","1","2","2","1","3"," 2"," 3","1","1","1","1"
"pbmfanow","3","5","4","5","4 ","5","3","4","1","4","3","5 ","5","5","3","4"
"mgnyeodj","1","2","5"," 1","3","5","5","4","3","2","3","3","3","4 ","3","4"
"fljzpviy"," 2","1","4","1","1","1 ","1","1","1","2","2","1","1","1","1"," 1"
"hzsnpovc","2","3"," 5","1","5","3","1","2","1","4","3","2","4"," 1","4","2"
"brjvfawe","1","1","1","1","2","1","1","1","1","2","2","2","1","1 ","1","1"
"ckobwxra","5","2","5","2","5","3","1 ","4","1","2","4","5","1","5","1 ","4"
"exzhtdbs","1","2"," 4","1","3","1","3","2","1","3","5","2","1","4","1","4"
"ujxistrf"," 1","2","1","4","1","3","1","2","1 ","2","3","2","1"," 1","1","1"
"egocyvdm","3","3 ","4","5","3","5","3","5","1","4","5","5","4","5","5","5"
"dwrqgsnb","3"," 2","4","2","3","1","5","2","5","2","2","3","1","4","1","3"
"ljduvywo","5","5","5","5","5","5","5","5","5"," 5","3"," 4","5"," 5","5","5"
"qmdacylp","2","2","4"," 4","3","1","1","3","1"," 3","2","2","4","4","1","4"
"acxreifd","3","2","4","5","3","2","2","5","5","2","3 ","5","-","5","4","4"
"pvrusqte","3","2","4","2","4","2","4","4","3","4","5","3","4","4","3","4"
"qrfijbnu","1","3","4","1","4","5","3","4","1","2","3","2","5","3 ","4","3"
"gmpncuwj","5","5","5","4","3","5","5","5"," 5","4","5","5","4","5","5"," 5"
"vczlkibj"," 2"," 3","4","1","3","1","3","4","1","2","2"," 2","1"," 3","1","4"
"niulmray","2","1","3 ","2","4","5 ","2 "," 4"," 1","2","2","2","2 ","1","3","4"
"iacpszov","5","3","5","1","5","1","3","4","1","2","2","3","4","1","1","4"
"mkbhragx","1","2","4","5","4","3","3","4","1","2","2"," 3","5","4","1","5"
"dkxwcsmo","3","2","4","1","1","1","2","1","1","3","2","5","3","1","1","1"
"cpdijhvo","1","2","","1","2","1","1","1","1"," 2","1","1","1"," 1","1","1 "
"ljawqrou","1","2","4","2","4","5","2","2","1","4","3","3","1","3"," 1","4"
"upkneqsi","2","3","1","1","5 "," 1"," 1","4","1","2 ","3 ","2","1","1","1","4"
"olwtvbnk"," 1","2","4","1 ","5","1","1","4","1","2"," 2","2","3","3","1","2"
"hbqpmuie","5","5","5","2","5","4","3","4 ","5","4","3","","4","5","4","5"
"cvdxmzlk","5","1","1","1","2","2","3"," 2","1","2","3","2","1"," 1"," 4","4"
"ycslkqtn","1","1","2","1","1","1","1","1","1","1","2","2","1","1","1","1"
"zesqhpnk","5","1","4","1 ","3","2","3","4","1","2","2","3","4","5 ","3","4"
"zmvxwfot"," 1","2"," 5 ","2","3","1","1","1","1","3 ","2","2","4","5","1","3"
"uyscwhja","2","2","5","1","3","4","3","4","1","3","3","1","5","5","1","4"
"anojstbw","1","3 ","1","1","3","1","1","1","1","2","1","2","1","1","1","1"
